"RootFolder","File","RelativePath","DateTime","TreeID","Temperature","Empty","Species","Count","Behaviour","Same_IND","Comment","CameraID","Date","infant","Hour","Minute","Time_numeric","Time_radians"
"REC23_night","RCNX0004.AVI","H01\230809-28_H01_300R_12h_FULLMEM_Aotus_florivory_MOD",2023-08-13 22:02:49,"H01",14,FALSE,"Aot",1,"Nectivory",FALSE,"","300R","2023-08-13",0,22,2,22.0333333333333,5.76831317784126
"REC23_night","RCNX0009.AVI","H01\230809-28_H01_300R_12h_FULLMEM_Aotus_florivory_MOD",2023-08-16 21:02:34,"H01",13,FALSE,"Aot",1,"Nectivory",FALSE,"","300R","2023-08-16",0,21,2,21.0333333333333,5.50651379004211
"REC23_night","RCNX0068.AVI","H01\230809-30_H01_400R_24h_Thomasomys_florivory_Potus_wandering",2023-08-17 04:01:16,"H01",12,FALSE,"Aot",1,"Other",FALSE,"","400R","2023-08-17",0,4,1,4.01666666666667,1.05156087432658
"REC23_night","RCNX0013.AVI","H01\230809-28_H01_300R_12h_FULLMEM_Aotus_florivory_MOD",2023-08-21 00:01:21,"H01",15,FALSE,"Aot",2,"Wandering",FALSE,"Bad visibility","300R","2023-08-20",0,0,1,0.0166666666666667,0.00436332312998582
"REC23_night","RCNX0014.AVI","H01\230809-28_H01_300R_12h_FULLMEM_Aotus_florivory_MOD",2023-08-20 20:41:39,"H01",14,FALSE,"Aot",2,"Wandering",FALSE,"","300R","2023-08-20",0,20,41,20.6833333333333,5.41488400431241
"REC23_night","RCNX0197.AVI","H01\230809-30_H01_400R_24h_Thomasomys_florivory_Potus_wandering",2023-08-24 20:40:01,"H01",14,FALSE,"Aot",1,"Wandering",FALSE,"","400R","2023-08-24",0,20,40,20.6666666666667,5.41052068118242
"REC23_night","RCNX0002.AVI_Aotus.AVI","H05\230902-05_H05_400R_18h_Aotus_Rat_florivory",2023-09-03 05:22:46,"H05",10,FALSE,"Aot",1,"Florivory",FALSE,"","400R","2023-09-03",0,5,22,5.36666666666667,1.40499004785544
"REC23_night","RCNX0015.AVI_Aotus.AVI","H05\230905-08_H05_400R_18h_Aotus_Rat_florivory_Calu-Pot_wondering",2023-09-08 02:23:24,"H05",9,FALSE,"Aot",1,"Wandering",FALSE,"","400R","2023-09-08",0,2,23,2.38333333333333,0.623955207587973
"REC23_night","RCNX0032_Aotus.AVI","H05\230908-18_H05_400R_24h_Aotus_florivory_Change_inflo_bad",2023-09-12 01:00:48,"H05",15,FALSE,"Aot",1,"Florivory",FALSE,"","400R","2023-09-12",0,1,0,1,0.261799387799149
"REC23_night","RCNX0001.AVI","H06\230913-20_H06_500R_24h_Aotus_family_wonder",2023-09-13 22:40:20,"H06",13,FALSE,"Aot",4,"Florivory",FALSE,"","500R","2023-09-13",0,22,40,22.6666666666667,5.93411945678072
"REC23_night","RCNX0006.AVI","H06\230913-20_H06_500R_24h_Aotus_family_wonder",2023-09-15 23:03:50,"H06",14,FALSE,"Aot",5,"Wandering",FALSE,"Presence of a cub","500R","2023-09-15",1,23,3,23.05,6.0344758887704
"REC23_night","RCNX0093.AVI","H05\230918-1001_H05_400R_24h_bad_position_nocturnal_activity",2023-09-28 02:35:17,"H05",13,FALSE,"Aot",1,"Wandering",FALSE,"bad image","400R","2023-09-28",0,2,35,2.58333333333333,0.676315085147803
"REC23_night","RCNX0136.AVI","H01\230927-1004_H01_300R_24h_Aotus_wondering",2023-09-29 02:49:19,"H01",13,FALSE,"Aot",1,"Wandering",FALSE,"","300R","2023-09-29",0,2,49,2.81666666666667,0.737401608967604
"REC23_night","RCNX0286_Aotus_family.AVI","H06\231004-1022_H06_500R_24h_AotufFam",2023-10-11 04:04:44,"H06",11,FALSE,"Aot",4,"Wandering",FALSE,"","500R","2023-10-11",0,4,4,4.06666666666667,1.06465084371654
"REC23_night","RCNX0003_Aotus_herb.AVI","H01\231018_1102_H01_300R_24h_Aotus_herb_rat_frug",2023-10-19 20:05:37,"H01",15,FALSE,"Aot",1,"Other",FALSE,"","300R","2023-10-19",0,20,5,20.0833333333333,5.25780437163292
"REC23_night","RCNX0063.AVI","H01\231018_1102_H01_300R_24h_Aotus_herb_rat_frug",2023-10-24 23:15:18,"H01",15,FALSE,"Aot",1,"Inspecting",FALSE,"","300R","2023-10-24",0,23,15,23.25,6.08683576633022
"REC23_night","RCNX0455_Aotus_insectsonleaves.AVI","H01\231018_1102_H01_300R_24h_Aotus_herb_rat_frug",2023-10-31 19:08:58,"H01",16,FALSE,"Aot",1,"Inspecting",FALSE,"","300R","2023-10-31",0,19,8,19.1333333333333,5.00909495322372
"REC23_night","RCNX0002_Aotus.AVI","H01\231102-18_H01_300R_1800-0600_Many_rat",2023-11-02 22:32:59,"H01",16,FALSE,"Aot",1,"Wandering",FALSE,"","300R","2023-11-02",0,22,32,22.5333333333333,5.89921287174083
"REC23_night","RCNX0001.AVI","H11\231111-18_H11_800R_1800-630_Aotus_wonder",2023-11-14 22:19:43,"H11",15,FALSE,"Aot",1,"Wandering",FALSE,"","800R","2023-11-14",0,22,19,22.3166666666667,5.84248967105102
"REC23_night","RCNX0002.AVI","H11\231111-18_H11_800R_1800-630_Aotus_wonder",2023-11-16 20:39:39,"H11",16,FALSE,"Aot",1,"Wandering",FALSE,"","800R","2023-11-16",0,20,39,20.65,5.40615735805244
"REC23_night","RCNX0069_Aotus.AVI","H05\231102-18_H05_400R_1800-0600_Many_int",2023-11-18 05:19:53,"H05",13,FALSE,"Aot",3,"Wandering",FALSE,"","400R","2023-11-18",0,5,19,5.31666666666667,1.39190007846548
"REC23_night","RCNX0001_Aotus_jump.AVI","H11\231118-27_H11_800R_1800-630_potos_aotus",2023-11-19 05:09:53,"H11",12,FALSE,"Aot",1,"Wandering",FALSE,"","800R","2023-11-19",0,5,9,5.15,1.34826684716562
"RECONYX_24_cloud","RCNX0002_Aot.AVI","H01\231127-28_R300_H01 ",2023-11-28 00:14:40,"H01",14,FALSE,"Aot",1,"Inspecting",FALSE,"","300R","2023-11-28",0,0,14,0.233333333333333,0.0610865238198015
"RECONYX_24_cloud","RCNX0001.AVI","H06\231128_R500_H06 ",2023-11-28 00:23:17,"H06",13,FALSE,"Aot",2,"Wandering",FALSE,"","500R","2023-11-28",0,0,23,0.383333333333333,0.100356431989674
"RECONYX_24_cloud","RCNX0004.AVI","H11\231201-28_R800_H11 ",2023-12-04 00:27:25,"H11",14,FALSE,"Aot",2,"Wandering",FALSE,"","800R","2023-12-04",0,0,27,0.45,0.117809724509617
"RECONYX_24_cloud","RCNX0033.AVI","H01\231201-30_R300_H01 ",2023-12-11 04:26:01,"H01",15,FALSE,"Aot",1,"Frugivory",FALSE,"","300R","2023-12-11",0,4,26,4.43333333333333,1.16064395257623
"RECONYX_24_cloud","RCNX0047.AVI","H01\231201-30_R300_H01 ",2023-12-16 20:22:34,"H01",16,FALSE,"Aot",1,"Wandering",FALSE,"fur with scars? No, probably carries baby","300R","2023-12-16",1,20,22,20.3666666666667,5.33198086484268
"RECONYX_24_cloud","RCNX0053.AVI","H01\231201-30_R300_H01 ",2023-12-19 00:24:24,"H01",16,FALSE,"Aot",2,"Wandering",FALSE,"one is the individual with scars","300R","2023-12-19",0,0,24,0.4,0.10471975511966
"RECONYX_24_cloud","RCNX0057.AVI","H01\231201-30_R300_H01 ",2023-12-21 00:03:34,"H01",15,FALSE,"Aot",1,"Wandering",FALSE,"","300R","2023-12-21",0,0,3,0.05,0.0130899693899575
"RECONYX_24_cloud","RCNX0010.AVI","H11\231201-28_R800_H11 ",2023-12-25 02:24:12,"H11",14,FALSE,"Aot",2,"Wandering",FALSE,"","800R","2023-12-25",0,2,24,2.4,0.628318530717959
"RECONYX_24_cloud","RCNX0069.AVI","H01\231201-30_R300_H01 ",2023-12-27 01:20:53,"H01",16,FALSE,"Aot",3,"Wandering",FALSE,"One is the one with scars","300R","2023-12-27",0,1,20,1.33333333333333,0.349065850398866
"RECONYX_24_cloud","RCNX0079.AVI","H01\240101-20_R300_H01 ",2024-01-06 02:53:13,"H01",15,FALSE,"Aot",3,"Wandering",FALSE,"","300R","2024-01-06",0,2,53,2.88333333333333,0.754854901487548
"RECONYX_24_cloud","RCNX0081.AVI","H01\240101-20_R300_H01 ",2024-01-06 21:17:41,"H01",15,FALSE,"Aot",1,"Inspecting",FALSE,"","300R","2024-01-06",0,21,17,21.2833333333333,5.5719636369919
"RECONYX_24_cloud","RCNX0003.AVI","H05\240106-18_R400_H05 ",2024-01-06 02:51:28,"H05",14,FALSE,"Aot",2,"Inspecting",FALSE,"","400R","2024-01-06",0,2,51,2.85,0.746128255227576
"RECONYX_24_cloud","RCNX0008.AVI","H06\240106-18_R500_H06 ",2024-01-06 02:44:14,"H06",14,FALSE,"Aot",1,"Wandering",FALSE,"","500R","2024-01-06",0,2,44,2.73333333333333,0.715584993317675
"RECONYX_24_cloud","RCNX0089.AVI","H01\240101-20_R300_H01 ",2024-01-08 03:26:02,"H01",14,FALSE,"Aot",1,"Insectivory",FALSE,"Eating insects on leaves","300R","2024-01-08",0,3,26,3.43333333333333,0.89884456477708
"RECONYX_24_cloud","RCNX0009.AVI","H06\240106-18_R500_H06 ",2024-01-08 03:16:31,"H06",13,FALSE,"Aot",4,"Wandering",FALSE,"","500R","2024-01-08",0,3,16,3.26666666666667,0.855211333477221
"RECONYX_24_cloud","RCNX0093.AVI","H01\240101-20_R300_H01 ",2024-01-09 03:01:00,"H01",15,FALSE,"Aot",3,"Insectivory",FALSE,"eating insects from leaf","300R","2024-01-09",0,3,1,3.01666666666667,0.789761486527434
"RECONYX_24_cloud","RCNX0012.AVI","H06\240106-18_R500_H06 ",2024-01-09 02:52:03,"H06",14,FALSE,"Aot",3,"Wandering",FALSE,"","500R","2024-01-09",0,2,52,2.86666666666667,0.750491578357562
"RECONYX_24_cloud","RCNX0099.AVI","H01\240101-20_R300_H01 ",2024-01-12 01:30:16,"H01",14,FALSE,"Aot",3,"Inspecting",FALSE,"","300R","2024-01-12",0,1,30,1.5,0.392699081698724
"RECONYX_24_cloud","RCNX0106.AVI","H01\240101-20_R300_H01 ",2024-01-12 22:42:11,"H01",15,FALSE,"Aot",1,"Wandering",FALSE,"Baby on the belly? not sure","300R","2024-01-12",1,22,42,22.7,5.94284610304069
"RECONYX_24_cloud","RCNX0005.AVI","H05\240106-18_R400_H05 ",2024-01-12 01:29:21,"H05",13,FALSE,"Aot",1,"Wandering",FALSE,"","400R","2024-01-12",0,1,29,1.48333333333333,0.388335758568738
"RECONYX_24_cloud","RCNX0107.AVI","H01\240101-20_R300_H01 ",2024-01-15 05:08:33,"H01",15,FALSE,"Aot",4,"Wandering",FALSE,"baby belly? Newborn owl monkeys weigh, on average, 96.5 g (3.40 oz) and instinctively ventrally cling to the mother. The infant will exhibit this pattern of attachment until about three to four weeks of age, when it will begin to cling dorsally to its carrier (Dixson 1994) https://primate.wisc.edu/primate-info-net/pin-factsheets/pin-factsheet-owl-monkey/#behavior-sociality","300R","2024-01-15",1,5,8,5.13333333333333,1.34390352403563
"RECONYX_24_cloud","RCNX0001_Aot.AVI","H06_2\240125-30_R500_H06 ",2024-01-25 22:09:26,"H06",14,FALSE,"Aot",1,"Wandering",FALSE,"hair damaged - old scars maybe","500R","2024-01-25",0,22,9,22.15,5.79885643975116
"RECONYX_24_cloud","RCNX0005_Aot.AVI","H11_2\240122-29_R800_H11 ",2024-01-25 22:50:18,"H11",14,FALSE,"Aot",1,"Wandering",FALSE,"","800R","2024-01-25",0,22,50,22.8333333333333,5.97775268808058
"RECONYX_24_cloud","RCNX0007_Aot.AVI","H01_2\240121-31_R300_H01 ",2024-01-26 23:26:30,"H01",15,FALSE,"Aot",2,"Wandering",FALSE,"","300R","2024-01-26",0,23,26,23.4333333333333,6.13483232076007
"RECONYX_24_cloud","RCNX0001_Aot.AVI","H05_2\240126_R400_H05 ",2024-01-26 23:24:59,"H05",13,FALSE,"Aot",2,"Wandering",FALSE,"very bad image - baby","400R","2024-01-26",1,23,24,23.4,6.1261056745001
"RECONYX_24_cloud","RCNX0011_Aot.AVI","H11_2\240202-29_R800_H11 ",2024-02-02 05:38:21,"H11",15,FALSE,"Aot",2,"Wandering",FALSE,"","800R","2024-02-02",0,5,38,5.63333333333333,1.47480321793521
"RECONYX_24_cloud","RCNX0014_Aot_baby.AVI","H01_2\240201-16_R300_H01 ",2024-02-08 23:19:32,"H01",15,FALSE,"Aot",4,"Wandering",FALSE,"baby","300R","2024-02-08",1,23,19,23.3166666666667,6.10428905885017
"RECONYX_24_cloud","RCNX0003.AVI","H05_2\240208-15_R400_H05 ",2024-02-08 23:15:59,"H05",13,FALSE,"Aot",1,"Wandering",FALSE,"very bad image","400R","2024-02-08",0,23,15,23.25,6.08683576633022
"RECONYX_24_cloud","RCNX0006.AVI","H06_2\240208-25_R500_H06 ",2024-02-08 23:10:51,"H06",14,FALSE,"Aot",1,"Wandering",FALSE,"very bad image","500R","2024-02-08",0,23,10,23.1666666666667,6.0650191506803
"RECONYX_24_cloud","RCNX0020_Aot.AVI","H01_2\240201-16_R300_H01 ",2024-02-12 04:02:56,"H01",15,FALSE,"Aot",5,"Wandering",FALSE,"baby","300R","2024-02-12",1,4,2,4.03333333333333,1.05592419745657
"RECONYX_24_cloud","RCNX0008.AVI","H06_2\240208-25_R500_H06 ",2024-02-12 03:55:59,"H06",14,FALSE,"Aot",1,"Wandering",FALSE,"very bad image","500R","2024-02-12",0,3,55,3.91666666666667,1.02538093554667
"RECONYX_24_cloud","RCNX0022_Aot.AVI","H01_2\240201-16_R300_H01 ",2024-02-13 19:28:58,"H01",15,FALSE,"Aot",2,"Inspecting",FALSE,"","300R","2024-02-13",0,19,28,19.4666666666667,5.09636141582344
"RECONYX_24_cloud","RCNX0020_Aot.AVI","H11_2\240202-29_R800_H11 ",2024-02-14 00:14:50,"H11",15,FALSE,"Aot",1,"Wandering",FALSE,"","800R","2024-02-14",0,0,14,0.233333333333333,0.0610865238198015
"RECONYX_24_cloud","RCNX0022_Aot.AVI","H11_2\240202-29_R800_H11 ",2024-02-14 01:13:27,"H11",15,FALSE,"Aot",1,"Wandering",FALSE,"","800R","2024-02-14",0,1,13,1.21666666666667,0.318522588488965
"RECONYX_24_cloud","RCNX0028_Aot.AVI","H01_2\240201-16_R300_H01 ",2024-02-15 03:36:02,"H01",15,FALSE,"Aot",1,"Wandering",FALSE,"","300R","2024-02-15",0,3,36,3.6,0.942477796076938
"RECONYX_24_cloud","RCNX0010.AVI","H06_2\240208-25_R500_H06 ",2024-02-20 19:43:59,"H06",15,FALSE,"Aot",1,"Wandering",FALSE,"very bad image","500R","2024-02-20",0,19,43,19.7166666666667,5.16181126277323
"RECONYX_24_cloud","RCNX0052_Aot.AVI","H11_2\240202-29_R800_H11 ",2024-02-22 00:48:51,"H11",15,FALSE,"Aot",1,"Wandering",FALSE,"","800R","2024-02-22",0,0,48,0.8,0.20943951023932
"RECONYX_24_cloud","RCNX0012.AVI","H06_2\240208-25_R500_H06 ",2024-02-23 04:38:11,"H06",13,FALSE,"Aot",2,"Wandering",FALSE,"baby","500R","2024-02-23",1,4,38,4.63333333333333,1.21300383013606
"RECONYX_24_cloud","RCNX0013.AVI","H06_2\240208-25_R500_H06 ",2024-02-23 05:19:57,"H06",13,FALSE,"Aot",1,"Wandering",FALSE,"very bad image","500R","2024-02-23",0,5,19,5.31666666666667,1.39190007846548
"RECONYX_24_cloud","RCNX0056_Aot.AVI","H11_2\240202-29_R800_H11 ",2024-02-29 05:07:46,"H11",13,FALSE,"Aot",1,"Inspecting",FALSE,"","800R","2024-02-29",0,5,7,5.11666666666667,1.33954020090565
"RECONYX_24_cloud","RCNX0016_Aot.AVI","H06_2\240304-15_R500_H06 ",2024-03-04 19:23:15,"H06",15,FALSE,"Aot",1,"Wandering",FALSE,"","500R","2024-03-04",0,19,23,19.3833333333333,5.07454480017351
"RECONYX_24_cloud","RCNX0062_Aot.AVI","H11_2\240301-15_R800_H11 ",2024-03-06 19:38:48,"H11",15,FALSE,"Aot",1,"Wandering",FALSE,"","800R","2024-03-06",0,19,38,19.6333333333333,5.1399946471233
"RECONYX_24_cloud","RCNX0002_Aot.AVI","H04_2\240309_R600_H04 ",2024-03-09 03:37:45,"H04",12,FALSE,"Aot",2,"Wandering",FALSE,"","600R","2024-03-09",0,3,37,3.61666666666667,0.946841119206924
"RECONYX_24_cloud","RCNX0002.AVI","H11_3\240415-30_R800_H11 ",2024-03-15 21:40:03,"H11",15,FALSE,"Aot",1,"Wandering",FALSE,"","800R","2024-03-15",0,21,40,21.6666666666667,5.67232006898157
"RECONYX_24_cloud","RCNX0002.AVI","H06_3\240315-30_R500_H06 ",2024-03-16 02:58:18,"H06",14,FALSE,"Aot",1,"Wandering",FALSE,"","500R","2024-03-16",0,2,58,2.96666666666667,0.776671517137477
"RECONYX_24_cloud","RCNX0008.AVI","H06_3\240315-30_R500_H06 ",2024-03-20 21:56:21,"H06",14,FALSE,"Aot",2,"Wandering",FALSE,"","500R","2024-03-20",0,21,56,21.9333333333333,5.74213323906134
"RECONYX_24_cloud","RCNX0005.AVI","H11_3\240415-30_R800_H11 ",2024-03-20 22:30:58,"H11",15,FALSE,"Aot",1,"Wandering",FALSE,"","800R","2024-03-20",0,22,30,22.5,5.89048622548086
"RECONYX_24_cloud","RCNX0001.AVI","H04_3\240321-30_R600_H04 ",2024-03-21 01:41:10,"H04",14,FALSE,"Aot",1,"Wandering",FALSE,"","600R","2024-03-21",0,1,41,1.68333333333333,0.440695636128568
"RECONYX_24_cloud","RCNX0002.avi","H05_3\240315-21_R400_H05 ",2024-03-21 01:45:25,"H05",13,FALSE,"Aot",1,"Inspecting",FALSE,"","400R","2024-03-21",0,1,45,1.75,0.458148928648512
"RECONYX_24_cloud","RCNX0009.AVI","H06_3\240315-30_R500_H06 ",2024-03-21 01:48:16,"H06",14,FALSE,"Aot",2,"Insectivory",FALSE,"Eating insects","500R","2024-03-21",0,1,48,1.8,0.471238898038469
"RECONYX_24_cloud","RCNX0014.AVI","H06_3\240315-30_R500_H06 ",2024-03-21 05:39:16,"H06",15,FALSE,"Aot",5,"Wandering",FALSE,"baby","500R","2024-03-21",1,5,39,5.65,1.47916654106519
"RECONYX_24_cloud","RCNX0021.AVI","H06_3\240315-30_R500_H06 ",2024-03-23 05:47:28,"H06",13,FALSE,"Aot",3,"Wandering",FALSE,"","500R","2024-03-23",0,5,47,5.78333333333333,1.51407312610508
"RECONYX_24_cloud","RCNX0010.AVI","H11_3\240415-30_R800_H11 ",2024-03-23 18:50:06,"H11",17,FALSE,"Aot",2,"Wandering",FALSE,"bad image: too close to camera and not sure it is 2","800R","2024-03-23",0,18,50,18.8333333333333,4.93055513688398
"RECONYX_24_cloud","RCNX0015.AVI","H11_3\240415-30_R800_H11 ",2024-03-28 05:33:49,"H11",10,FALSE,"Aot",1,"Wandering",FALSE,"bad image:out of camera view - appears for just 1 s at second 20","800R","2024-03-28",0,5,33,5.55,1.45298660228528
"RECONYX_24_cloud","RCNX0016.AVI","H11_3\240415-30_R800_H11 ",2024-03-29 03:28:23,"H11",14,FALSE,"Aot",1,"Wandering",FALSE,"bad image:out of camera view - appears for just 1 s","800R","2024-03-29",0,3,28,3.46666666666667,0.907571211037051
"RECONYX_24_cloud","RCNX0002.AVI","H04_3\240321-30_R600_H04 ",2024-03-30 20:54:04,"H04",13,FALSE,"Aot",1,"Wandering",FALSE,"","600R","2024-03-30",0,20,54,20.9,5.47160720500222
"RECONYX_24_cloud","RCNX0034.AVI","H06_3\240315-30_R500_H06 ",2024-03-30 21:17:59,"H06",13,FALSE,"Aot",2,"Wandering",FALSE,"","500R","2024-03-30",0,21,17,21.2833333333333,5.5719636369919
"RECONYX_24_cloud","RCNX0003.AVI","H01_3\240315-31_R300_H01 ",2024-03-31 00:23:59,"H01",14,FALSE,"Aot",1,"Wandering",FALSE,"","300R","2024-03-31",0,0,23,0.383333333333333,0.100356431989674
"RECONYX_24_cloud","RCNX0006.AVI","H01_3\240401-17_R300_H01 ",2024-04-01 05:23:12,"H01",14,FALSE,"Aot",3,"Wandering",FALSE,"","300R","2024-04-01",0,5,23,5.38333333333333,1.40935337098542
"RECONYX_24_cloud","RCNX0019.AVI","H11_3\240402-18_R800_H11 ",2024-04-02 00:21:00,"H11",15,FALSE,"Aot",3,"Wandering",FALSE,"baby","800R","2024-04-02",1,0,21,0.35,0.0916297857297023
"RECONYX_24_cloud","RCNX0023.AVI","H11_3\240402-18_R800_H11 ",2024-04-04 00:47:05,"H11",15,FALSE,"Aot",1,"Wandering",FALSE,"","800R","2024-04-04",0,0,47,0.783333333333333,0.205076187109334
"RECONYX_24_cloud","RCNX0027.AVI","H11_3\240402-18_R800_H11 ",2024-04-06 03:11:42,"H11",14,FALSE,"Aot",1,"Wandering",FALSE,"","800R","2024-04-06",0,3,11,3.18333333333333,0.833394717827292
"RECONYX_24_cloud","RCNX0028.AVI","H11_3\240402-18_R800_H11 ",2024-04-07 05:33:36,"H11",14,FALSE,"Aot",1,"Wandering",FALSE,"","800R","2024-04-07",0,5,33,5.55,1.45298660228528
"RECONYX_24_cloud","RCNX0011.AVI","H01_3\240401-17_R300_H01 ",2024-04-11 04:19:27,"H01",14,FALSE,"Aot",1,"Wandering",FALSE,"","300R","2024-04-11",0,4,19,4.31666666666667,1.13010069066633
"RECONYX_24_cloud","RCNX0032.AVI","H11_3\240402-18_R800_H11 ",2024-04-11 04:55:20,"H11",13,FALSE,"Aot",1,"Wandering",FALSE,"","800R","2024-04-11",0,4,55,4.91666666666667,1.28718032334582
"RECONYX_24_cloud","RCNX0035.AVI","H11_3\240402-18_R800_H11 ",2024-04-13 18:45:28,"H11",16,FALSE,"Aot",2,"Wandering",FALSE,"baby","800R","2024-04-13",1,18,45,18.75,4.90873852123405
"RECONYX_24_cloud","RCNX0038.AVI","H11_3\240402-18_R800_H11 ",2024-04-15 04:21:34,"H11",14,FALSE,"Aot",2,"Wandering",FALSE,"baby","800R","2024-04-15",1,4,21,4.35,1.1388273369263
"RECONYX_24_cloud","RCNX0039.AVI","H11_3\240402-18_R800_H11 ",2024-04-16 00:11:23,"H11",15,FALSE,"Aot",1,"Wandering",FALSE,"","800R","2024-04-16",0,0,11,0.183333333333333,0.0479965544298441
"RECONYX_24_cloud","RCNX0040.AVI","H11_3\240402-18_R800_H11 ",2024-04-16 02:25:03,"H11",14,FALSE,"Aot",1,"Wandering",FALSE,"","800R","2024-04-16",0,2,25,2.41666666666667,0.632681853847944
"RECONYX_24_cloud","RCNX0042.AVI","H11_3\240402-18_R800_H11 ",2024-04-18 04:58:22,"H11",14,FALSE,"Aot",3,"Wandering",FALSE,"baby","800R","2024-04-18",1,4,58,4.96666666666667,1.30027029273578
"RECONYX_24_cloud","RCNX0002.AVI","H11_4\240420-29_R800_H11 ",2024-04-20 04:45:40,"H11",13,FALSE,"Aot",1,"Wandering",FALSE,"","800R","2024-04-20",0,4,45,4.75,1.24354709204596
"RECONYX_24_cloud","RCNX0003.AVI","H06_4\240420-30_R500_H06 ",2024-04-21 20:51:54,"H06",18,FALSE,"Aot",2,"Wandering",FALSE,"","500R","2024-04-21",0,20,51,20.85,5.45851723561227
"RECONYX_24_cloud","RCNX0003.AVI","H01_4\240421-30_R300_H01 ",2024-04-27 21:05:44,"H01",15,FALSE,"Aot",1,"Wandering",FALSE,"","300R","2024-04-27",0,21,5,21.0833333333333,5.51960375943207
"RECONYX_24_cloud","RCNX0007.AVI","H11_4\240420-29_R800_H11 ",2024-04-29 21:35:44,"H11",16,FALSE,"Aot",1,"Insectivory",FALSE,"Insectivory on Bromeliads","800R","2024-04-29",0,21,35,21.5833333333333,5.65050345333164
"RECONYX_24_cloud","RCNX0008.AVI","H11_4\240420-29_R800_H11 ",2024-04-29 22:24:18,"H11",16,FALSE,"Aot",2,"Wandering",FALSE,"","800R","2024-04-29",0,22,24,22.4,5.86430628670095
"RECONYX_24_cloud","RCNX0011.AVI","H01_4\240421-30_R300_H01 ",2024-04-30 18:55:08,"H01",17,FALSE,"Aot",1,"Wandering",FALSE,"","300R","2024-04-30",0,18,55,18.9166666666667,4.95237175253391
"RECONYX_24_cloud","RCNX0012.AVI","H11_4\240501-24_R800_H11 ",2024-05-01 19:31:50,"H11",15,FALSE,"Aot",2,"Wandering",FALSE,"","800R","2024-05-01",0,19,31,19.5166666666667,5.1094513852134
"RECONYX_24_cloud","RCNX0014.AVI","H11_4\240501-24_R800_H11 ",2024-05-06 02:28:38,"H11",17,FALSE,"Aot",2,"Wandering",FALSE,"","800R","2024-05-06",0,2,28,2.46666666666667,0.645771823237902
"RECONYX_24_cloud","RCNX0019.AVI","H01_4\240501-24_R300_H01 ",2024-05-09 01:34:20,"H01",14,FALSE,"Aot",1,"Wandering",FALSE,"","300R","2024-05-09",0,1,34,1.56666666666667,0.410152374218667
"RECONYX_24_cloud","RCNX0024.AVI","H01_4\240501-24_R300_H01 ",2024-05-09 21:46:34,"H01",16,FALSE,"Aot",1,"Wandering",FALSE,"","300R","2024-05-09",0,21,46,21.7666666666667,5.69850000776149
"RECONYX_24_cloud","RCNX0025.AVI","H01_4\240501-24_R300_H01 ",2024-05-10 05:33:04,"H01",14,FALSE,"Aot",2,"Wandering",FALSE,"","300R","2024-05-10",0,5,33,5.55,1.45298660228528
"RECONYX_24_cloud","RCNX0017.AVI","H11_4\240501-24_R800_H11 ",2024-05-11 04:15:06,"H11",15,FALSE,"Aot",3,"Wandering",FALSE,"","800R","2024-05-11",0,4,15,4.25,1.11264739814639
"RECONYX_24_cloud","RCNX0029.AVI","H01_4\240501-24_R300_H01 ",2024-05-12 23:48:26,"H01",16,FALSE,"Aot",3,"Inspecting",FALSE,"","300R","2024-05-12",0,23,48,23.8,6.23082542961976
"RECONYX_24_cloud","RCNX0031.AVI","H01_4\240501-24_R300_H01 ",2024-05-13 21:10:46,"H01",13,FALSE,"Aot",3,"Wandering",FALSE,"","300R","2024-05-13",0,21,10,21.1666666666667,5.541420375082
"RECONYX_24_cloud","RCNX0018.AVI","H11_4\240501-24_R800_H11 ",2024-05-13 01:40:14,"H11",18,FALSE,"Aot",1,"Wandering",FALSE,"","800R","2024-05-13",0,1,40,1.66666666666667,0.436332312998582
"RECONYX_24_cloud","RCNX0036.AVI","H01_4\240501-24_R300_H01 ",2024-05-15 22:30:56,"H01",16,FALSE,"Aot",2,"Wandering",FALSE,"","300R","2024-05-15",0,22,30,22.5,5.89048622548086
"RECONYX_24_cloud","RCNX0022.AVI","H11_4\240501-24_R800_H11 ",2024-05-15 03:16:58,"H11",15,FALSE,"Aot",2,"Wandering",FALSE,"","800R","2024-05-15",0,3,16,3.26666666666667,0.855211333477221
"RECONYX_24_cloud","RCNX0013.AVI","H06_4\240502-24_R500_H06 ",2024-05-19 20:35:12,"H06",14,FALSE,"Aot",1,"Wandering",FALSE,"","500R","2024-05-19",0,20,35,20.5833333333333,5.38870406553249
"RECONYX_24_cloud","RCNX0025.AVI","H11_4\240501-24_R800_H11 ",2024-05-20 05:32:34,"H11",15,FALSE,"Aot",3,"Wandering",FALSE,"","800R","2024-05-20",0,5,32,5.53333333333333,1.44862327915529
"RECONYX_24_cloud","RCNX0026.AVI","H11_4\240501-24_R800_H11 ",2024-05-21 04:26:58,"H11",15,FALSE,"Aot",1,"Wandering",FALSE,"","800R","2024-05-21",0,4,26,4.43333333333333,1.16064395257623
"RECONYX_24_cloud","RCNX0078.AVI","H01_4\240501-24_R300_H01 ",2024-05-23 03:46:02,"H01",14,FALSE,"Aot",1,"Wandering",FALSE,"","300R","2024-05-23",0,3,46,3.76666666666667,0.986111027376796
"RECONYX_24_cloud","RCNX0002.AVI","H04_4\240524_R600_H04 ",2024-05-24 20:41:24,"H04",14,FALSE,"Aot",1,"Insectivory",FALSE,"Insectivory","600R","2024-05-24",0,20,41,20.6833333333333,5.41488400431241
"RECONYX_24_cloud","RCNX0028.AVI","H11_4\240501-24_R800_H11 ",2024-05-24 05:01:08,"H11",14,FALSE,"Aot",1,"Wandering",FALSE,"","800R","2024-05-24",0,5,1,5.01666666666667,1.31336026212573
"RECONYX_24_cloud","RCNX0001.AVI","H01_5\240525-31_R300_H01 ",2024-05-25 04:03:56,"H01",13,FALSE,"Aot",1,"Wandering",FALSE,"","300R","2024-05-25",0,4,3,4.05,1.06028752058656
"RECONYX_24_cloud","RCNX0002.AVI","H01_5\240525-31_R300_H01 ",2024-05-26 03:52:44,"H01",11,FALSE,"Aot",1,"Wandering",FALSE,"","300R","2024-05-26",0,3,52,3.86666666666667,1.01229096615671
"RECONYX_24_cloud","RCNX0001 (3).AVI","H06_5\240528-29_R500_H06 ",2024-05-28 01:43:14,"H06",14,FALSE,"Aot",1,"Wandering",FALSE,"","500R","2024-05-28",0,1,43,1.71666666666667,0.44942228238854
"RECONYX_24_cloud","RCNX0001.AVI","H11_5\240528-31_R800_H11 ",2024-05-28 18:52:04,"H11",15,FALSE,"Aot",1,"Wandering",FALSE,"","800R","2024-05-28",0,18,52,18.8666666666667,4.93928178314395
"RECONYX_24_cloud","RCNX0002.AVI","H11_5\240528-31_R800_H11 ",2024-05-30 01:31:56,"H11",13,FALSE,"Aot",3,"Wandering",FALSE,"","800R","2024-05-30",0,1,31,1.51666666666667,0.39706240482871
"RECONYX_24_cloud","RCNX0065.AVI","H11_5\240601-30_R800_H11 ",2024-06-02 04:03:56,"H11",13,FALSE,"Aot",1,"Wandering",FALSE,"","800R","2024-06-02",0,4,3,4.05,1.06028752058656
"RECONYX_24_cloud","RCNX0103.AVI","H11_5\240601-30_R800_H11 ",2024-06-03 20:38:38,"H11",15,FALSE,"Aot",3,"Wandering",FALSE,"","800R","2024-06-03",0,20,38,20.6333333333333,5.40179403492245
"RECONYX_24_cloud","RCNX0035.AVI","H01_5\240601-26_R300_H01 ",2024-06-04 03:26:06,"H01",13,FALSE,"Aot",3,"Wandering",FALSE,"","300R","2024-06-04",0,3,26,3.43333333333333,0.89884456477708
"RECONYX_24_cloud","RCNX0037.AVI","H01_5\240601-26_R300_H01 ",2024-06-04 20:04:30,"H01",15,FALSE,"Aot",4,"Wandering",FALSE,"","300R","2024-06-04",0,20,4,20.0666666666667,5.25344104850293
"RECONYX_24_cloud","RCNX0108.AVI","H11_5\240601-30_R800_H11 ",2024-06-06 02:37:28,"H11",12,FALSE,"Aot",3,"Wandering",FALSE,"","800R","2024-06-06",0,2,37,2.61666666666667,0.685041731407774
"RECONYX_24_cloud","RCNX0111.AVI","H11_5\240601-30_R800_H11 ",2024-06-07 05:15:12,"H11",12,FALSE,"Aot",2,"Wandering",FALSE,"","800R","2024-06-07",0,5,15,5.25,1.37444678594553
"RECONYX_24_cloud","RCNX0112.AVI","H11_5\240601-30_R800_H11 ",2024-06-08 01:38:52,"H11",13,FALSE,"Aot",2,"Wandering",FALSE,"","800R","2024-06-08",0,1,38,1.63333333333333,0.427605666738611
"RECONYX_24_cloud","RCNX0043.AVI","H01_5\240601-26_R300_H01 ",2024-06-09 20:39:30,"H01",15,FALSE,"Aot",2,"Wandering",FALSE,"","300R","2024-06-09",0,20,39,20.65,5.40615735805244
"RECONYX_24_cloud","RCNX0003.AVI","H11_5\240601-30_R800_H11 ",2024-06-09 22:19:38,"H11",14,FALSE,"Aot",2,"Wandering",FALSE,"","800R","2024-06-09",0,22,19,22.3166666666667,5.84248967105102
"RECONYX_24_cloud","RCNX0004.AVI","H11_5\240601-30_R800_H11 ",2024-06-10 05:09:56,"H11",13,FALSE,"Aot",4,"Wandering",FALSE,"","800R","2024-06-10",0,5,9,5.15,1.34826684716562
"RECONYX_24_cloud","RCNX0005.AVI","H11_5\240601-30_R800_H11 ",2024-06-10 21:15:58,"H11",14,FALSE,"Aot",4,"Wandering",FALSE,"","800R","2024-06-10",0,21,15,21.25,5.56323699073192
"RECONYX_24_cloud","RCNX0006.AVI","H11_5\240601-30_R800_H11 ",2024-06-12 22:45:58,"H11",14,FALSE,"Aot",1,"Wandering",FALSE,"","800R","2024-06-12",0,22,45,22.75,5.95593607243065
"RECONYX_24_cloud","RCNX0007.AVI","H11_5\240601-30_R800_H11 ",2024-06-14 04:14:22,"H11",11,FALSE,"Aot",1,"Wandering",FALSE,"","800R","2024-06-14",0,4,14,4.23333333333333,1.1082840750164
"RECONYX_24_cloud","RCNX0050.AVI","H01_5\240601-26_R300_H01 ",2024-06-21 02:55:36,"H01",14,FALSE,"Aot",1,"Wandering",FALSE,"","300R","2024-06-21",0,2,55,2.91666666666667,0.763581547747519
"RECONYX_24_cloud","RCNX0051.AVI","H01_5\240601-26_R300_H01 ",2024-06-21 05:53:48,"H01",14,FALSE,"Aot",1,"Wandering",FALSE,"","300R","2024-06-21",0,5,53,5.88333333333333,1.540253064885
"RECONYX_24_cloud","RCNX0022.AVI","H05_5\240601-29_R400_H05 ",2024-06-22 02:59:06,"H05",12,FALSE,"Aot",1,"Insectivory",FALSE,"Insectivory","400R","2024-06-22",0,2,59,2.98333333333333,0.781034840267463
"RECONYX_24_cloud","RCNX0052.AVI","H01_5\240601-26_R300_H01 ",2024-06-24 19:19:12,"H01",16,FALSE,"Aot",1,"Wandering",FALSE,"","300R","2024-06-24",0,19,19,19.3166666666667,5.05709150765357
"RECONYX_24_cloud","RCNX0053.AVI","H01_5\240601-26_R300_H01 ",2024-06-24 22:09:04,"H01",14,FALSE,"Aot",3,"Wandering",FALSE,"","300R","2024-06-24",0,22,9,22.15,5.79885643975116
"RECONYX_24_cloud","RCNX0055.AVI","H01_5\240701_R300_H01 ",2024-07-01 19:31:36,"H01",14,FALSE,"Aot",1,"Wandering",FALSE,"","300R","2024-07-01",0,19,31,19.5166666666667,5.1094513852134
"RECONYX_24_cloud","RCNX0009.AVI","H11_5\240701-02_R800_H11 ",2024-07-01 02:10:46,"H11",12,FALSE,"Aot",1,"Wandering",FALSE,"","800R","2024-07-01",0,2,10,2.16666666666667,0.567232006898157
"RECONYX_24_cloud","RCNX0010.AVI","H11_5\240701-02_R800_H11 ",2024-07-02 04:48:28,"H11",13,FALSE,"Aot",3,"Wandering",FALSE,"","800R","2024-07-02",0,4,48,4.8,1.25663706143592
"RECONYX_24_cloud","RCNX0002.AVI","H11_6\240706-20_R800_H11 ",2024-07-07 05:57:50,"H11",13,FALSE,"Aot",3,"Wandering",FALSE,"","800R","2024-07-07",0,5,57,5.95,1.55770635740494
"RECONYX_24_cloud","RCNX0006.AVI","H01_6\240706-31_R300_H01 ",2024-07-09 05:09:40,"H01",11,FALSE,"Aot",3,"Herbivory",FALSE,"","300R","2024-07-09",0,5,9,5.15,1.34826684716562
"RECONYX_24_cloud","RCNX0011.AVI","H01_6\240706-31_R300_H01 ",2024-07-10 21:21:12,"H01",14,FALSE,"Aot",2,"Insectivory",FALSE,"Maybe insectivory","300R","2024-07-10",0,21,21,21.35,5.58941692951184
"RECONYX_24_cloud","RCNX0013.AVI","H01_6\240706-31_R300_H01 ",2024-07-12 03:45:00,"H01",14,FALSE,"Aot",3,"Social",FALSE,"And bothering each other while making squeaks","300R","2024-07-12",0,3,45,3.75,0.98174770424681
"RECONYX_24_cloud","RCNX0004.AVI","H05_6\240708-30_R400_H05 ",2024-07-12 03:45:16,"H05",12,FALSE,"Aot",1,"Inspecting",FALSE,"","400R","2024-07-12",0,3,45,3.75,0.98174770424681
"RECONYX_24_cloud","RCNX0015.AVI","H01_6\240706-31_R300_H01 ",2024-07-13 22:54:46,"H01",15,FALSE,"Aot",1,"Wandering",FALSE,"","300R","2024-07-13",0,22,54,22.9,5.99520598060052
"RECONYX_24_cloud","RCNX0022.AVI","H01_6\240706-31_R300_H01 ",2024-07-13 23:50:38,"H01",16,FALSE,"Aot",3,"Insectivory",FALSE,"Wandering and insectivory","300R","2024-07-13",0,23,50,23.8333333333333,6.23955207587973
"RECONYX_24_cloud","RCNX0020.AVI","H11_6\240706-20_R800_H11 ",2024-07-14 05:22:12,"H11",13,FALSE,"Aot",1,"Wandering",FALSE,"","800R","2024-07-14",0,5,22,5.36666666666667,1.40499004785544
"RECONYX_24_cloud","RCNX0027.AVI","H01_6\240706-31_R300_H01 ",2024-07-16 05:14:10,"H01",14,FALSE,"Aot",2,"Social",FALSE,"Grooming","300R","2024-07-16",0,5,14,5.23333333333333,1.37008346281555
"RECONYX_24_cloud","RCNX0051.AVI","H01_6\240706-31_R300_H01 ",2024-07-22 02:15:30,"H01",14,FALSE,"Aot",3,"Inspecting",FALSE,"","300R","2024-07-22",0,2,15,2.25,0.589048622548086
"RECONYX_24_cloud","RCNX0007.AVI","H05_6\240708-30_R400_H05 ",2024-07-22 02:11:08,"H05",11,FALSE,"Aot",1,"Wandering",FALSE,"","400R","2024-07-22",0,2,11,2.18333333333333,0.571595330028143
"RECONYX_24_cloud","RCNX0065.AVI","H01_6\240706-31_R300_H01 ",2024-07-24 22:41:30,"H01",18,FALSE,"Aot",1,"Florivory",FALSE,"","300R","2024-07-24",0,22,41,22.6833333333333,5.93848277991071
"RECONYX_24_cloud","RCNX0079.AVI","H01_6\240706-31_R300_H01 ",2024-07-28 03:13:20,"H01",16,FALSE,"Aot",1,"Wandering",FALSE,"","300R","2024-07-28",0,3,13,3.21666666666667,0.842121364087264
"RECONYX_24_cloud","RCNX0086.AVI","H01_6\240706-31_R300_H01 ",2024-07-29 02:28:16,"H01",15,FALSE,"Aot",2,"Florivory",FALSE,"","300R","2024-07-29",0,2,28,2.46666666666667,0.645771823237902
"RECONYX_24_cloud","RCNX0097.AVI","H01_6\240706-31_R300_H01 ",2024-07-30 03:18:14,"H01",13,FALSE,"Aot",2,"Florivory",FALSE,"","300R","2024-07-30",0,3,18,3.3,0.863937979737193
"RECONYX_24_cloud","RCNX0107.AVI","H01_6\240706-31_R300_H01 ",2024-07-31 00:30:58,"H01",15,FALSE,"Aot",1,"Wandering",FALSE,"","300R","2024-07-31",0,0,30,0.5,0.130899693899575
"RECONYX_24_cloud","RCNX0109.AVI","H01_6\240706-31_R300_H01 ",2024-07-31 01:44:06,"H01",16,FALSE,"Aot",1,"Inspecting",FALSE,"","300R","2024-07-31",0,1,44,1.73333333333333,0.453785605518526
"RECONYX_24_cloud","RCNX0120.AVI","H01_6\240706-31_R300_H01 ",2024-07-31 21:14:48,"H01",16,FALSE,"Aot",1,"Florivory",FALSE,"","300R","2024-07-31",0,21,14,21.2333333333333,5.55887366760194
"RECONYX_24_cloud","RCNX0086.AVI","H11_6\240729-0808_R800_H11 ",2024-07-31 05:06:10,"H11",12,FALSE,"Aot",1,"Wandering",FALSE,"","800R","2024-07-31",0,5,6,5.1,1.33517687777566
"RECONYX_24_cloud","RCNX0124.AVI","H01_6\240801-07_R300_H01 ",2024-08-01 04:20:50,"H01",14,FALSE,"Aot",1,"Wandering",FALSE,"","300R","2024-08-01",0,4,20,4.33333333333333,1.13446401379631
"RECONYX_24_cloud","RCNX0093.AVI","H11_6\240729-0808_R800_H11 ",2024-08-04 05:13:34,"H11",11,FALSE,"Aot",1,"Wandering",FALSE,"","800R","2024-08-04",0,5,13,5.21666666666667,1.36572013968556
"RECONYX_24_cloud","RCNX0151.AVI","H01_6\240801-07_R300_H01 ",2024-08-05 01:01:34,"H01",15,FALSE,"Aot",1,"Inspecting",FALSE,"","300R","2024-08-05",0,1,1,1.01666666666667,0.266162710929135
"RECONYX_24_cloud","RCNX0154.AVI","H01_6\240801-07_R300_H01 ",2024-08-05 21:04:02,"H01",15,FALSE,"Aot",1,"Wandering",FALSE,"","300R","2024-08-05",0,21,4,21.0666666666667,5.51524043630208
"RECONYX_R_24_Transcend","RCNX0007.AVI","H01_R24\240808-31_R300_H01 ",2024-08-09 04:29:00,"H01",13,FALSE,"Aot",2,"Wandering",FALSE,"","300R","2024-08-09",0,4,29,4.48333333333333,1.17373392196619
"RECONYX_R_24_Transcend","RCNX0001.AVI","H11_R24\240809-21_R800_H11 ",2024-08-09 20:04:00,"H11",14,FALSE,"Aot",1,"Wandering",FALSE,"","800R","2024-08-09",0,20,4,20.0666666666667,5.25344104850293
"RECONYX_R_24_Transcend","RCNX0010.AVI","H01_R24\240808-31_R300_H01 ",2024-08-10 21:34:00,"H01",14,FALSE,"Aot",1,"Wandering",FALSE,"","300R","2024-08-10",0,21,34,21.5666666666667,5.64614013020166
"RECONYX_R_24_Transcend","RCNX0012.AVI","H01_R24\240808-31_R300_H01 ",2024-08-11 02:32:00,"H01",15,FALSE,"Aot",1,"Wandering",FALSE,"","300R","2024-08-11",0,2,32,2.53333333333333,0.663225115757845
"RECONYX_R_24_Transcend","RCNX0002.AVI","H11_R24\240809-21_R800_H11 ",2024-08-11 05:42:00,"H11",13,FALSE,"Aot",1,"Wandering",FALSE,"","800R","2024-08-11",0,5,42,5.7,1.49225651045515
"RECONYX_R_24_Transcend","RCNX0022.AVI","H01_R24\240808-31_R300_H01 ",2024-08-13 03:04:00,"H01",15,FALSE,"Aot",1,"Inspecting",FALSE,"","300R","2024-08-13",0,3,4,3.06666666666667,0.802851455917392
"RECONYX_R_24_Transcend","RCNX0028.AVI","H01_R24\240808-31_R300_H01 ",2024-08-15 05:09:00,"H01",12,FALSE,"Aot",3,"Wandering",FALSE,"","300R","2024-08-15",0,5,9,5.15,1.34826684716562
"RECONYX_R_24_Transcend","RCNX0040.AVI","H01_R24\240808-31_R300_H01 ",2024-08-17 02:17:00,"H01",16,FALSE,"Aot",1,"Wandering",FALSE,"Fruits developping","300R","2024-08-17",0,2,17,2.28333333333333,0.597775268808058
"RECONYX_R_24_Transcend","RCNX0053.AVI","H01_R24\240808-31_R300_H01 ",2024-08-24 23:56:00,"H01",13,FALSE,"Aot",1,"Inspecting",FALSE,"","300R","2024-08-24",0,23,56,23.9333333333333,6.26573201465964
"RECONYX_R_24_Transcend","RCNX0062.AVI","H01_R24\240808-31_R300_H01 ",2024-08-29 03:56:00,"H01",12,FALSE,"Aot",1,"Wandering",FALSE,"","300R","2024-08-29",0,3,56,3.93333333333333,1.02974425867665
"RECONYX_R_24_Transcend","RCNX0066.AVI","H01_R24\240808-31_R300_H01 ",2024-08-29 20:31:00,"H01",17,FALSE,"Aot",1,"Wandering",FALSE,"","300R","2024-08-29",0,20,31,20.5166666666667,5.37125077301255
"RECONYX_R_24_Transcend","RCNX0069.AVI","H01_R24\240808-31_R300_H01 ",2024-08-31 02:15:00,"H01",11,FALSE,"Aot",1,"Inspecting",FALSE,"","300R","2024-08-31",0,2,15,2.25,0.589048622548086
"RECONYX_R_24_Transcend","RCNX0010.AVI","H01_R24\240831-0924_R300_H01 ",2024-09-01 05:17:00,"H01",13,FALSE,"Aot",3,"Wandering",FALSE,"","300R","2024-09-01",0,5,17,5.28333333333333,1.38317343220551
"RECONYX_R_24_Transcend","RCNX0075.AVI","H01_R24\240831-0924_R300_H01 ",2024-09-07 22:07:00,"H01",16,FALSE,"Aot",1,"Wandering",FALSE,"","300R","2024-09-07",0,22,7,22.1166666666667,5.79012979349119
"RECONYX_R_24_Transcend","RCNX0001.AVI","H01_R24\240924-1025_R300_H01 ",2024-09-24 19:04:00,"H01",16,FALSE,"Aot",2,"Herbivory",FALSE,"","300R","2024-09-24",0,19,4,19.0666666666667,4.99164166070378
"RECONYX_R_24_Transcend","RCNX0005.AVI","H06_R24\240917-1023_R500_H06 ",2024-09-24 20:41:00,"H06",14,FALSE,"Aot",1,"Wandering",FALSE,"","500R","2024-09-24",0,20,41,20.6833333333333,5.41488400431241
"RECONYX_R_24_Transcend","RCNX0002.AVI","H11_R24\240925-1024_R800_H11 ",2024-09-27 01:50:00,"H11",12,FALSE,"Aot",1,"Wandering",FALSE,"","800R","2024-09-27",0,1,50,1.83333333333333,0.479965544298441
"RECONYX_R_24_Transcend","RCNX0012.AVI","H11_R24\240925-1024_R800_H11 ",2024-10-12 21:37:00,"H11",16,FALSE,"Aot",1,"Wandering",FALSE,"","800R","2024-10-12",0,21,37,21.6166666666667,5.65923009959161
"RECONYX_R_24_Transcend","RCNX0003.AVI","H11_R24\241027-1127_R800_H11 ",2024-10-28 00:01:00,"H11",16,FALSE,"Aot",1,"Wandering",FALSE,"","800R","2024-10-28",0,0,1,0.0166666666666667,0.00436332312998582
"RECONYX_R_24_Transcend","RCNX0003.AVI","H06_R24\241026_1128_R500_H06 ",2024-10-29 18:41:00,"H06",14,FALSE,"Aot",2,"Wandering",FALSE,"","500R","2024-10-29",0,18,41,18.6833333333333,4.89128522871411
"RECONYX_R_24_Transcend","RCNX0004.AVI","H06_R24\241026_1128_R500_H06 ",2024-11-01 03:21:00,"H06",15,FALSE,"Aot",2,"Wandering",FALSE,"","500R","2024-11-01",0,3,21,3.35,0.877027949127151
"RECONYX_R_24_Transcend","RCNX0084.AVI","H11_R24\241027-1127_R800_H11 ",2024-11-04 03:28:00,"H11",12,FALSE,"Aot",1,"Wandering",FALSE,"","800R","2024-11-04",0,3,28,3.46666666666667,0.907571211037051
"RECONYX_R_24_Transcend","RCNX0006.AVI","H06_R24\241026_1128_R500_H06 ",2024-11-06 04:31:00,"H06",14,FALSE,"Aot",3,"Wandering",FALSE,"","500R","2024-11-06",0,4,31,4.51666666666667,1.18246056822616
"RECONYX_R_24_Transcend","RCNX0085.AVI","H11_R24\241027-1127_R800_H11 ",2024-11-06 01:02:00,"H11",15,FALSE,"Aot",2,"Wandering",FALSE,"","800R","2024-11-06",0,1,2,1.03333333333333,0.270526034059121
"RECONYX_R_24_Transcend","RCNX0013.AVI","H06_R24\241026_1128_R500_H06 ",2024-11-10 18:28:00,"H06",17,FALSE,"Aot",2,"Wandering",FALSE,"","500R","2024-11-10",0,18,28,18.4666666666667,4.83456202802429
"RECONYX_R_24_Transcend","RCNX0032.AVI","H06_R24\241026_1128_R500_H06 ",2024-11-14 18:33:00,"H06",19,FALSE,"Aot",3,"Wandering",FALSE,"","500R","2024-11-14",0,18,33,18.55,4.85637864367422
"RECONYX_R_24_Transcend","RCNX0143.AVI","H11_R24\241027-1127_R800_H11 ",2024-11-19 22:28:00,"H11",15,FALSE,"Aot",3,"Wandering",FALSE,"","800R","2024-11-19",0,22,28,22.4666666666667,5.88175957922089
"RECONYX_R_24_Transcend","RCNX0099.AVI","H06_R24\241026_1128_R500_H06 ",2024-11-25 20:58:00,"H06",14,FALSE,"Aot",1,"Wandering",FALSE,"","500R","2024-11-25",0,20,58,20.9666666666667,5.48906049752217
"RECONYX_R_24_Transcend","RCNX0001.AVI","H04_R24\241126_R600_H04 ",2024-11-26 22:23:00,"H04",15,FALSE,"Aot",1,"Inspecting",FALSE,"","600R","2024-11-26",0,22,23,22.3833333333333,5.85994296357096
"RECONYX_R_24_Transcend","RCNX0105.AVI","H06_R24\241026_1128_R500_H06 ",2024-11-26 19:39:00,"H06",16,FALSE,"Aot",1,"Wandering",FALSE,"","500R","2024-11-26",0,19,39,19.65,5.14435797025329
"RECONYX_R_24_Transcend","RCNX0154.AVI","H11_R24\241027-1127_R800_H11 ",2024-11-27 02:12:00,"H11",14,FALSE,"Aot",3,"Wandering",FALSE,"","800R","2024-11-27",0,2,12,2.2,0.575958653158129
