start,end,Parcela,Species,ID,Individuo,DD,MM,YY,LB,NL,ML,GL,AL,FB,OF,FR,MF,date
09:06.6,14:03.2,3,Handroanthus crysanthus,H05,5,2,8,2023,0,0,1,0,1,4,0,0,0,2023-08-02
12:23.5,13:53.6,3,Handroanthus crysanthus,H04,4,2,8,2023,0,0,2,0,3,4,0,0,0,2023-08-02
14:29.1,15:46.3,3,Handroanthus crysanthus,H13,13,2,8,2023,0,0,1,0,3,3,0,0,0,2023-08-02
17:40.6,18:35.5,3,Handroanthus crysanthus,H06,6,2,8,2023,0,0,1,0,2,4,0,0,0,2023-08-02
18:53.7,24:05.2,3,Handroanthus crysanthus,H10,10,2,8,2023,1,0,1,0,2,3,0,0,0,2023-08-02
52:50.5,54:20.9,3,Handroanthus crysanthus,H01,1,23,8,2023,0,0,0,0,0,3,0,0,0,2023-08-23
55:03.0,57:02.2,3,Handroanthus crysanthus,H04,4,23,8,2023,0,0,0,0,0,4,0,0,0,2023-08-23
57:18.1,58:42.0,3,Handroanthus crysanthus,H05,5,23,8,2023,0,0,0,0,0,4,1,0,0,2023-08-23
58:55.4,00:06.1,3,Handroanthus crysanthus,H06,6,23,8,2023,0,0,0,0,0,4,2,0,0,2023-08-23
02:28.2,04:40.5,3,Handroanthus crysanthus,H10,10,23,8,2023,0,0,1,0,3,3,0,0,0,2023-08-23
04:53.3,06:03.4,3,Handroanthus crysanthus,H12,12,23,8,2023,0,0,0,0,0,4,0,0,0,2023-08-23
06:16.8,07:27.1,3,Handroanthus crysanthus,H13,13,23,8,2023,0,0,0,0,0,3,0,0,0,2023-08-23
06:06.9,07:54.6,3,Handroanthus crysanthus,H14,14,26,8,2023,0,0,0,0,0,4,1,0,0,2023-08-26
07:58.0,09:05.3,3,Handroanthus crysanthus,H07,7,26,8,2023,1,1,0,1,0,4,1,0,0,2023-08-26
09:08.3,10:16.0,3,Handroanthus crysanthus,H02,2,26,8,2023,0,0,0,0,0,4,1,0,0,2023-08-26
06:26.4,08:42.8,3,Handroanthus crysanthus,H01,1,13,9,2023,4,3,1,2,0,5,5,0,0,2023-09-13
12:39.2,15:12.9,3,Handroanthus crysanthus,H12,12,13,9,2023,3,0,0,0,0,3,4,0,0,2023-09-13
15:20.8,16:42.7,3,Handroanthus crysanthus,H13,13,13,9,2023,3,0,0,0,0,3,3,0,0,2023-09-13
19:33.6,20:50.2,3,Handroanthus crysanthus,H07,7,16,9,2023,4,3,0,2,0,3,3,0,0,2023-09-16
21:07.4,22:52.4,3,Handroanthus crysanthus,H14,14,16,9,2023,4,3,0,0,0,3,5,0,0,2023-09-16
23:05.9,25:03.8,3,Handroanthus crysanthus,H10,10,16,9,2023,4,3,1,2,0,3,3,0,0,2023-09-16
25:20.9,28:16.7,3,Handroanthus crysanthus,H06,6,16,9,2023,4,4,0,2,0,4,4,0,0,2023-09-16
29:51.9,30:39.5,3,Handroanthus crysanthus,H02,2,16,9,2023,4,1,0,1,0,4,3,0,0,2023-09-16
30:47.3,32:08.9,3,Handroanthus crysanthus,H11,11,16,9,2023,4,4,0,1,0,3,5,0,0,2023-09-16
59:41.9,04:01.7,3,Handroanthus crysanthus,H11,11,27,9,2023,4,4,1,6,0,3,3,2,0,2023-09-27
04:11.7,06:12.4,3,Handroanthus crysanthus,H02,2,27,9,2023,4,4,1,4,0,4,3,2,0,2023-09-27
06:28.1,07:39.9,3,Handroanthus crysanthus,H01,1,27,9,2023,3,3,4,3,0,2,2,3,0,2023-09-27
09:45.6,10:52.1,3,Handroanthus crysanthus,H07,7,27,9,2023,3,4,3,3,0,2,2,0,0,2023-09-27
11:05.3,12:10.1,3,Handroanthus crysanthus,H14,14,27,9,2023,4,3,1,3,0,3,4,0,0,2023-09-27
39:31.5,40:58.4,3,Handroanthus crysanthus,H05,5,30,9,2023,4,5,1,3,0,3,3,3,0,2023-09-30
41:09.9,42:49.7,3,Handroanthus crysanthus,H12,12,30,9,2023,3,4,0,3,0,3,3,0,0,2023-09-30
42:56.3,44:42.5,3,Handroanthus crysanthus,H04,4,30,9,2023,4,4,0,4,0,2,2,3,0,2023-09-30
44:44.8,45:56.0,3,Handroanthus crysanthus,H13,13,30,9,2023,3,2,1,2,0,1,2,0,0,2023-09-30
12:06.0,13:29.4,3,Handroanthus crysanthus,H10,10,1,10,2023,4,5,3,3,0,2,2,3,0,2023-10-01
15:06.6,16:31.9,3,Handroanthus crysanthus,H10,10,1,10,2023,3,4,2,3,0,3,3,3,0,2023-10-01
36:53.8,38:05.6,3,Handroanthus crysanthus,H11,11,3,4,2024,0,0,4,0,2,0,0,0,0,2024-04-03
53:50.4,57:59.5,3,Handroanthus crysanthus,H11,11,16,3,2024,0,0,4,0,1,0,0,0,0,2024-03-16
43:52.2,44:45.1,3,Handroanthus crysanthus,H10,10,30,3,2024,0,0,3,0,2,0,0,0,0,2024-03-30
42:39.4,43:34.1,3,Handroanthus crysanthus,H06,6,30,3,2024,0,0,4,0,2,0,0,0,0,2024-03-30
38:37.5,39:24.6,3,Handroanthus crysanthus,H13,13,30,3,2024,0,0,2,0,2,0,0,0,0,2024-03-30
37:36.6,38:25.8,3,Handroanthus crysanthus,H12,12,30,3,2024,0,0,4,0,1,0,0,0,0,2024-03-30
36:26.6,37:18.1,3,Handroanthus crysanthus,H05,5,30,3,2024,0,0,4,0,2,0,0,0,0,2024-03-30
35:21.1,36:16.8,3,Handroanthus crysanthus,H04,4,30,3,2024,0,0,4,0,2,0,0,0,0,2024-03-30
34:05.3,34:56.1,3,Handroanthus crysanthus,H01,1,27,3,2024,0,1,4,0,1,0,0,0,0,2024-03-27
32:34.8,33:48.9,3,Handroanthus crysanthus,H02,2,27,3,2024,0,0,5,0,2,0,0,0,0,2024-03-27
29:59.9,30:56.2,3,Handroanthus crysanthus,H07,7,27,3,2024,0,0,4,0,1,0,0,0,0,2024-03-27
28:07.0,29:37.0,3,Handroanthus crysanthus,H14,14,27,3,2024,0,0,3,0,1,0,0,0,0,2024-03-27
57:39.9,58:46.4,3,Handroanthus crysanthus,H10,10,16,3,2024,0,0,3,0,1,0,0,0,0,2024-03-16
52:35.4,53:33.1,3,Handroanthus crysanthus,H02,2,16,3,2024,0,0,5,1,0,0,0,0,0,2024-03-16
50:03.6,51:06.6,3,Handroanthus crysanthus,H06,6,13,3,2024,0,0,4,0,0,0,0,0,0,2024-03-13
48:51.2,49:48.6,3,Handroanthus crysanthus,H13,13,13,3,2024,0,0,2,0,2,0,0,0,0,2024-03-13
47:33.7,48:27.9,3,Handroanthus crysanthus,H12,12,13,3,2024,0,0,4,0,1,0,0,0,0,2024-03-13
44:48.2,47:19.0,3,Handroanthus crysanthus,H04,4,13,3,2024,0,0,4,0,1,0,0,0,0,2024-03-13
43:14.9,44:31.1,3,Handroanthus crysanthus,H05,5,13,3,2024,0,0,4,0,1,0,0,0,0,2024-03-13
50:31.8,51:32.7,3,Handroanthus crysanthus,H07,7,9,3,2024,0,0,4,0,1,0,0,0,0,2024-03-09
40:25.5,49:11.3,3,Handroanthus crysanthus,H01,1,9,3,2024,0,0,4,0,1,0,0,0,0,2024-03-09
37:56.4,39:07.9,3,Handroanthus crysanthus,H14,14,9,3,2024,0,0,3,0,1,0,0,0,0,2024-03-09
42:47.6,43:30.6,3,Handroanthus crysanthus,H10,10,28,2,2024,0,0,3,0,1,0,0,0,0,2024-02-28
41:48.5,42:33.7,3,Handroanthus crysanthus,H06,6,28,2,2024,0,0,4,0,1,0,0,0,0,2024-02-28
40:27.8,41:38.5,3,Handroanthus crysanthus,H13,13,28,2,2024,0,0,2,0,2,0,0,0,0,2024-02-28
39:18.1,40:09.3,3,Handroanthus crysanthus,H12,12,28,2,2024,0,0,4,0,0,0,0,0,0,2024-02-28
38:04.3,39:04.0,3,Handroanthus crysanthus,H05,5,28,2,2024,0,0,4,0,1,0,0,0,0,2024-02-28
36:59.5,37:52.4,3,Handroanthus crysanthus,H04,4,28,2,2024,0,0,4,0,0,0,0,0,0,2024-02-28
35:34.2,36:44.2,3,Handroanthus crysanthus,H01,1,28,2,2024,0,0,4,0,1,0,0,0,0,2024-02-28
34:05.2,35:20.3,3,Handroanthus crysanthus,H11,11,24,2,2024,0,0,5,0,0,0,0,0,0,2024-02-24
31:34.6,33:49.2,3,Handroanthus crysanthus,H02,2,24,2,2024,0,0,5,0,1,0,0,0,0,2024-02-24
27:48.2,29:00.1,3,Handroanthus crysanthus,H07,7,24,2,2024,0,0,4,0,0,0,0,0,0,2024-02-24
17:39.7,19:18.7,3,Handroanthus crysanthus,H11,11,10,2,2024,0,0,5,0,1,0,0,0,0,2024-02-10
38:34.9,49:35.3,3,Handroanthus crysanthus,H10,10,9,2,2024,0,0,4,0,1,0,0,0,0,2024-02-09
36:42.2,38:31.8,3,Handroanthus crysanthus,H06,6,9,2,2024,0,0,5,0,1,0,0,0,0,2024-02-09
33:57.9,35:11.2,3,Handroanthus crysanthus,H13,13,9,2,2024,0,0,2,0,2,0,0,0,0,2024-02-09
32:47.3,33:53.8,3,Handroanthus crysanthus,H12,12,9,2,2024,0,0,4,0,1,0,0,0,0,2024-02-09
27:43.5,32:37.9,3,Handroanthus crysanthus,H05,5,9,2,2024,0,0,4,0,1,0,0,0,0,2024-02-09
26:00.7,27:14.7,3,Handroanthus crysanthus,H04,4,9,2,2024,0,0,5,0,1,0,0,0,0,2024-02-09
25:01.7,25:46.6,3,Handroanthus crysanthus,H02,2,9,2,2024,0,0,5,0,1,0,0,0,0,2024-02-09
56:34.6,58:01.3,3,Handroanthus crysanthus,H01,1,8,2,2024,0,0,5,0,1,0,0,0,0,2024-02-08
52:54.9,54:06.6,3,Handroanthus crysanthus,H07,7,8,2,2024,0,0,5,0,1,0,0,0,0,2024-02-08
51:31.3,52:44.2,3,Handroanthus crysanthus,H14,14,8,2,2024,0,0,4,0,1,0,0,0,0,2024-02-08
01:02.3,05:15.2,3,Handroanthus crysanthus,H07,7,25,1,2024,0,0,5,0,1,0,0,0,0,2024-01-25
59:48.1,00:49.4,3,Handroanthus crysanthus,H14,14,25,1,2024,0,0,4,0,1,0,0,0,0,2024-01-25
57:11.4,59:16.7,3,Handroanthus crysanthus,H10,10,21,1,2024,0,0,4,0,1,0,0,0,0,2024-01-21
53:16.5,55:28.3,3,Handroanthus crysanthus,H06,6,21,1,2024,0,1,5,0,1,0,0,0,0,2024-01-21
52:13.5,53:05.8,3,Handroanthus crysanthus,H04,4,21,1,2024,0,0,5,0,1,0,0,0,0,2024-01-21
49:57.6,52:10.7,3,Handroanthus crysanthus,H02,2,20,1,2024,0,0,5,0,1,0,0,0,0,2024-01-20
47:14.7,49:53.8,3,Handroanthus crysanthus,H05,5,21,1,2024,0,0,4,0,2,0,0,0,0,2024-01-21
38:09.3,40:35.1,3,Handroanthus crysanthus,H11,11,20,1,2024,0,0,5,0,1,0,0,0,0,2024-01-20
36:32.4,37:51.6,3,Handroanthus crysanthus,H13,13,20,1,2024,0,0,2,0,3,0,0,0,0,2024-01-20
35:30.5,36:21.0,3,Handroanthus crysanthus,H12,12,20,1,2024,0,0,4,0,1,0,0,0,0,2024-01-20
30:53.1,35:16.5,3,Handroanthus crysanthus,H01,1,20,1,2024,0,0,4,1,1,0,0,0,0,2024-01-20
09:31.0,39:36.3,3,Handroanthus crysanthus,H10,10,7,1,2024,0,0,4,0,1,0,0,0,0,2024-01-07
14:49.5,01:36.5,3,Handroanthus crysanthus,H05,5,23,11,2023,2,2,5,2,1,0,0,3,4,2023-11-23
21:52.1,23:41.6,3,Handroanthus crysanthus,H12,12,7,1,2024,2,2,4,0,1,0,0,0,0,2024-01-07
20:33.4,21:49.2,3,Handroanthus crysanthus,H13,13,7,1,2024,2,2,2,0,1,0,0,0,0,2024-01-07
18:59.5,20:31.2,3,Handroanthus crysanthus,H04,4,7,1,2024,0,0,5,0,1,0,0,0,0,2024-01-07
17:27.2,18:44.0,3,Handroanthus crysanthus,H05,5,7,1,2024,0,0,5,0,1,0,0,0,0,2024-01-07
11:52.0,16:11.2,3,Handroanthus crysanthus,H06,6,7,1,2024,0,0,5,0,1,0,0,0,0,2024-01-07
08:08.1,09:17.6,3,Handroanthus crysanthus,H01,1,6,1,2024,3,2,4,0,1,0,0,0,0,2024-01-06
55:22.9,02:59.1,3,Handroanthus crysanthus,H14,14,4,1,2024,0,0,4,0,0,0,0,0,0,2024-01-04
59:17.4,02:47.9,3,Handroanthus crysanthus,H11,11,6,1,2024,0,0,5,0,1,0,0,0,0,2024-01-06
56:32.5,59:14.6,3,Handroanthus crysanthus,H02,2,6,1,2024,0,0,5,0,1,0,0,0,0,2024-01-06
52:02.7,53:00.2,3,Handroanthus crysanthus,H07,7,4,1,2024,0,0,5,0,1,0,0,0,0,2024-01-04
02:11.8,03:12.4,3,Handroanthus crysanthus,H11,11,10,12,2023,0,1,5,1,0,0,0,2,6,2023-12-10
59:28.7,01:42.6,3,Handroanthus crysanthus,H02,2,9,12,2023,1,2,5,1,0,0,0,2,6,2023-12-09
58:30.9,59:18.3,3,Handroanthus crysanthus,H13,13,9,12,2023,1,1,3,1,0,0,0,3,5,2023-12-09
56:15.5,57:16.1,3,Handroanthus crysanthus,H10,10,9,12,2023,3,3,3,1,0,0,0,3,6,2023-12-09
53:29.7,54:28.9,3,Handroanthus crysanthus,H06,6,9,12,2023,2,2,4,1,0,0,0,3,5,2023-12-09
52:14.2,53:26.5,3,Handroanthus crysanthus,H04,4,9,12,2023,2,3,4,3,0,0,0,3,5,2023-12-09
50:27.6,51:17.1,3,Handroanthus crysanthus,H12,12,7,12,2023,0,0,4,1,0,0,0,4,5,2023-12-07
48:53.3,49:34.7,3,Handroanthus crysanthus,H05,5,7,12,2023,2,2,5,1,1,0,0,3,5,2023-12-07
47:29.9,48:46.0,3,Handroanthus crysanthus,H01,1,7,12,2023,2,2,4,1,1,0,0,3,6,2023-12-07
43:14.5,45:27.3,3,Handroanthus crysanthus,H14,14,7,12,2023,2,2,3,2,0,0,0,3,5,2023-12-07
42:10.5,43:09.3,3,Handroanthus crysanthus,H07,7,7,12,2023,0,0,5,1,0,0,0,0,0,2023-12-07
51:54.4,52:42.7,3,Handroanthus crysanthus,H14,14,25,11,2023,2,2,3,2,0,0,0,3,3,2023-11-25
50:59.0,51:46.0,3,Handroanthus crysanthus,H07,7,25,11,2023,1,1,5,2,0,0,0,0,0,2023-11-25
47:53.6,48:42.3,3,Handroanthus crysanthus,H11,11,25,11,2023,1,2,5,2,2,0,0,3,2,2023-11-25
45:34.6,47:10.6,3,Handroanthus crysanthus,H02,2,25,11,2023,2,3,4,3,0,0,0,3,2,2023-11-25
30:32.0,33:11.4,3,Handroanthus crysanthus,H10,10,23,11,2023,2,2,3,2,0,0,0,3,2,2023-11-23
23:13.7,28:45.3,3,Handroanthus crysanthus,H06,6,23,11,2023,2,2,5,1,0,0,0,3,2,2023-11-23
21:46.8,23:00.5,3,Handroanthus crysanthus,H13,13,23,11,2023,3,2,2,2,0,0,0,3,0,2023-11-23
20:33.9,21:35.1,3,Handroanthus crysanthus,H12,12,23,11,2023,0,0,4,2,0,0,0,4,3,2023-11-23
19:27.4,20:24.8,3,Handroanthus crysanthus,H04,4,23,11,2023,0,2,5,0,0,0,0,4,3,2023-11-23
37:37.2,39:45.7,3,Handroanthus crysanthus,H10,10,5,11,2023,3,3,2,3,0,0,0,3,0,2023-11-05
35:30.1,37:17.0,3,Handroanthus crysanthus,H02,2,5,11,2023,3,4,1,5,0,0,0,3,0,2023-11-05
32:26.2,34:49.0,3,Handroanthus crysanthus,H11,11,5,11,2023,3,4,2,5,0,0,0,3,0,2023-11-05
09:01.7,12:11.2,3,Handroanthus crysanthus,H14,14,4,11,2023,3,3,2,4,0,0,0,3,0,2023-11-04
07:20.4,08:56.7,3,Handroanthus crysanthus,H07,7,4,11,2023,1,1,3,5,0,0,0,0,0,2023-11-04
07:31.3,32:37.0,3,Handroanthus crysanthus,H04,4,2,11,2023,2,4,4,3,0,1,6,4,0,2023-11-02
16:36.0,30:31.8,3,Handroanthus crysanthus,H12,12,2,11,2023,2,2,4,4,0,0,0,4,0,2023-11-02
13:25.7,30:08.1,3,Handroanthus crysanthus,H01,1,2,11,2023,3,3,5,4,0,0,0,4,0,2023-11-02
18:15.0,19:33.0,3,Handroanthus crysanthus,H13,13,2,11,2023,2,3,1,2,0,0,0,3,0,2023-11-02
14:59.7,16:19.3,3,Handroanthus crysanthus,H05,5,2,11,2023,3,3,3,4,0,0,0,3,0,2023-11-02
59:31.0,01:16.0,3,Handroanthus crysanthus,H10,10,21,10,2023,3,3,2,3,0,0,0,3,0,2023-10-21
57:12.6,58:20.5,3,Handroanthus crysanthus,H06,6,21,10,2023,3,5,3,2,0,0,0,3,0,2023-10-21
54:57.3,57:08.1,3,Handroanthus crysanthus,H05,5,21,10,2023,4,4,2,4,0,0,0,4,0,2023-10-21
53:41.5,54:37.4,3,Handroanthus crysanthus,H01,1,18,10,2023,3,4,4,4,0,0,0,4,0,2023-10-18
52:38.6,53:32.2,3,Handroanthus crysanthus,H12,12,18,10,2023,2,3,3,5,0,0,0,4,0,2023-10-18
50:11.8,51:31.6,3,Handroanthus crysanthus,H04,4,18,10,2023,4,4,2,5,0,0,0,4,0,2023-10-18
48:54.9,50:04.8,3,Handroanthus crysanthus,H02,2,18,10,2023,4,4,1,4,0,2,2,3,0,2023-10-18
47:19.4,48:47.0,3,Handroanthus crysanthus,H11,11,18,10,2023,4,4,2,5,0,1,0,3,0,2023-10-18
25:26.3,26:47.3,3,Handroanthus crysanthus,H07,7,15,10,2023,3,3,3,3,0,0,0,0,0,2023-10-15
23:39.7,25:21.3,3,Handroanthus crysanthus,H14,14,15,10,2023,3,3,1,3,0,0,0,0,0,2023-10-15
59:15.1,00:14.0,3,Handroanthus crysanthus,H14,14,17,4,2024,0,0,3,0,1,0,0,0,0,2024-04-17
26:10.7,27:07.5,3,Handroanthus crysanthus,H10,10,20,4,2024,0,0,3,0,2,0,0,0,0,2024-04-20
23:21.6,24:20.2,3,Handroanthus crysanthus,H06,6,20,4,2024,0,0,4,0,1,0,0,0,0,2024-04-20
21:20.8,22:42.6,3,Handroanthus crysanthus,H04,4,20,4,2024,0,0,4,0,1,0,0,0,0,2024-04-20
19:44.6,20:59.4,3,Handroanthus crysanthus,H05,5,20,4,2024,0,0,4,0,1,0,0,0,0,2024-04-20
17:55.7,19:27.5,3,Handroanthus crysanthus,H13,13,20,4,2024,0,0,2,0,1,0,0,0,0,2024-04-20
15:58.4,17:42.9,3,Handroanthus crysanthus,H12,12,20,4,2024,0,0,4,0,1,0,0,0,0,2024-04-20
14:39.3,15:32.8,3,Handroanthus crysanthus,H11,11,18,4,2024,0,0,4,0,2,0,0,0,0,2024-04-18
05:12.0,06:47.4,3,Handroanthus crysanthus,H02,2,17,4,2024,0,0,4,0,2,0,0,0,0,2024-04-17
03:56.4,04:51.4,3,Handroanthus crysanthus,H01,1,17,4,2024,0,0,4,0,2,0,0,0,0,2024-04-17
01:08.9,02:12.3,3,Handroanthus crysanthus,H07,7,17,4,2024,0,0,4,0,1,0,0,0,0,2024-04-17
08:46.0,09:45.9,3,Handroanthus crysanthus,H10,10,2,5,2024,0,0,3,0,1,0,0,0,0,2024-05-02
04:57.5,05:58.3,3,Handroanthus crysanthus,H06,6,2,5,2024,0,0,4,0,1,0,0,0,0,2024-05-02
02:55.6,03:51.0,3,Handroanthus crysanthus,H04,4,2,5,2024,0,0,3,0,1,0,0,0,0,2024-05-02
01:44.3,02:40.6,3,Handroanthus crysanthus,H13,13,2,5,2024,0,0,2,0,2,0,0,0,0,2024-05-02
00:11.0,01:31.6,3,Handroanthus crysanthus,H12,12,2,5,2024,0,0,3,0,0,0,0,0,0,2024-05-02
57:01.8,58:22.4,3,Handroanthus crysanthus,H05,5,2,5,2024,0,0,3,0,1,0,0,0,0,2024-05-02
55:46.2,56:35.8,3,Handroanthus crysanthus,H01,1,2,5,2024,0,0,3,0,2,0,0,0,0,2024-05-02
54:31.2,55:30.4,3,Handroanthus crysanthus,H02,2,2,5,2024,0,0,4,0,2,0,0,0,0,2024-05-02
23:38.4,24:49.5,3,Handroanthus crysanthus,H10,10,25,5,2024,0,0,3,0,1,2,0,0,0,2024-05-25
20:01.2,21:03.6,3,Handroanthus crysanthus,H06,6,25,5,2024,0,0,4,0,1,2,0,0,0,2024-05-25
18:14.0,19:48.7,3,Handroanthus crysanthus,H04,4,25,5,2024,0,0,3,0,2,2,0,0,0,2024-05-25
16:16.1,17:58.6,3,Handroanthus crysanthus,H13,13,24,5,2024,0,0,2,0,2,2,0,0,0,2024-05-24
14:14.4,15:09.4,3,Handroanthus crysanthus,H05,5,24,5,2024,0,0,3,0,1,2,0,0,0,2024-05-24
12:55.6,14:00.1,3,Handroanthus crysanthus,H12,12,24,5,2024,0,0,3,0,1,2,0,0,0,2024-05-24
11:49.0,12:44.3,3,Handroanthus crysanthus,H02,2,24,5,2024,0,0,4,0,2,2,0,0,0,2024-05-24
10:40.1,11:37.2,3,Handroanthus crysanthus,H11,11,24,5,2024,0,0,4,0,2,3,0,0,0,2024-05-24
03:52.7,04:44.5,3,Handroanthus crysanthus,H01,1,22,5,2024,0,0,3,0,2,0,0,0,0,2024-05-22
01:26.6,02:27.8,3,Handroanthus crysanthus,H07,7,22,5,2024,0,0,3,0,2,0,0,0,0,2024-05-22
57:59.4,59:05.3,3,Handroanthus crysanthus,H14,14,22,5,2024,0,0,3,0,1,3,0,0,0,2024-05-22
38:16.7,09:00.3,3,Handroanthus crysanthus,H11,11,11,5,2024,0,0,4,0,2,0,0,0,0,2024-05-11
25:24.8,41:53.6,3,Handroanthus crysanthus,H07,7,11,5,2024,0,0,4,0,2,0,0,0,0,2024-05-11
22:04.9,41:18.7,3,Handroanthus crysanthus,H14,14,11,5,2024,0,0,3,0,1,0,0,0,0,2024-05-11
16:07.0,17:08.7,3,Handroanthus crysanthus,H11,11,25,6,2024,0,0,2,0,3,3,0,0,0,2024-06-25
14:15.0,15:19.8,3,Handroanthus crysanthus,H10,10,25,6,2024,0,0,2,0,1,2,0,0,0,2024-06-25
11:13.2,12:18.0,3,Handroanthus crysanthus,H06,6,25,6,2024,0,0,4,0,1,3,0,0,0,2024-06-25
08:55.5,10:36.5,3,Handroanthus crysanthus,H04,4,25,6,2024,0,0,2,0,1,3,0,0,0,2024-06-25
07:45.4,08:40.9,3,Handroanthus crysanthus,H13,13,24,6,2024,0,0,1,0,0,2,0,0,0,2024-06-24
05:56.3,06:52.5,3,Handroanthus crysanthus,H12,12,24,6,2024,0,0,3,0,1,2,0,0,0,2024-06-24
04:37.7,05:46.6,3,Handroanthus crysanthus,H05,5,24,6,2024,0,0,3,0,2,3,0,0,0,2024-06-24
03:00.1,03:51.8,3,Handroanthus crysanthus,H01,1,24,6,2024,0,0,3,0,2,2,0,0,0,2024-06-24
00:16.9,01:26.5,3,Handroanthus crysanthus,H02,2,24,6,2024,0,0,3,0,2,3,0,0,0,2024-06-24
52:39.6,53:31.7,3,Handroanthus crysanthus,H14,14,22,6,2024,0,0,2,0,3,3,0,0,0,2024-06-22
51:37.5,52:28.5,3,Handroanthus crysanthus,H07,7,22,6,2024,0,0,2,0,3,0,0,0,0,2024-06-22
48:11.4,49:26.2,3,Handroanthus crysanthus,H10,10,12,6,2024,0,0,2,0,3,2,0,0,0,2024-06-12
35:18.9,36:19.6,3,Handroanthus crysanthus,H06,6,8,6,2024,0,0,4,0,1,2,0,0,0,2024-06-08
33:42.4,35:03.9,3,Handroanthus crysanthus,H04,4,8,6,2024,0,0,3,0,2,3,0,0,0,2024-06-08
31:39.3,32:32.3,3,Handroanthus crysanthus,H11,11,8,6,2024,0,0,4,0,3,3,0,0,0,2024-06-08
25:57.7,27:03.9,3,Handroanthus crysanthus,H13,13,6,6,2024,0,0,1,0,0,2,0,0,0,2024-06-06
24:18.9,25:12.4,3,Handroanthus crysanthus,H12,12,6,6,2024,0,0,3,0,1,2,0,0,0,2024-06-06
22:52.5,24:01.2,3,Handroanthus crysanthus,H05,5,6,6,2024,0,0,3,0,1,2,0,0,0,2024-06-06
11:09.8,12:10.0,3,Handroanthus crysanthus,H02,2,6,6,2024,0,0,4,0,2,3,0,0,0,2024-06-06
10:00.7,11:00.1,3,Handroanthus crysanthus,H01,1,6,6,2024,0,0,3,0,2,2,0,0,0,2024-06-06
06:47.7,08:29.4,3,Handroanthus crysanthus,H14,14,6,6,2024,0,0,2,0,1,3,0,0,0,2024-06-06
36:15.9,37:20.9,3,Handroanthus crysanthus,H14,14,10,8,2024,0,0,1,0,0,3,0,0,0,2024-08-10
33:40.2,36:02.9,3,Handroanthus crysanthus,H07,7,10,8,2024,2,1,0,0,0,3,0,0,0,2024-08-10
28:01.4,29:00.0,3,Handroanthus crysanthus,H11,11,8,8,2024,0,0,0,0,0,5,1,0,0,2024-08-08
26:22.9,27:51.1,3,Handroanthus crysanthus,H10,10,8,8,2024,0,0,1,0,1,3,0,0,0,2024-08-08
23:42.2,24:59.6,3,Handroanthus crysanthus,H06,6,8,8,2024,0,0,0,0,0,4,0,0,0,2024-08-08
22:40.9,23:26.6,3,Handroanthus crysanthus,H04,4,7,8,2024,0,0,0,0,0,4,0,0,0,2024-08-07
21:07.2,22:20.6,3,Handroanthus crysanthus,H13,13,7,8,2024,2,2,1,0,0,2,0,0,0,2024-08-07
19:55.3,20:53.4,3,Handroanthus crysanthus,H12,12,7,8,2024,0,0,0,0,0,3,0,0,0,2024-08-07
18:09.8,19:40.3,3,Handroanthus crysanthus,H02,2,7,8,2024,0,0,1,0,1,4,0,0,0,2024-08-07
17:06.4,17:56.9,3,Handroanthus crysanthus,H05,5,7,8,2024,0,0,0,0,0,4,0,0,0,2024-08-07
15:51.9,16:50.8,3,Handroanthus crysanthus,H01,1,7,8,2024,3,2,0,0,0,3,0,0,0,2024-08-07
10:37.1,11:35.5,3,Handroanthus crysanthus,H10,10,25,7,2024,0,0,1,0,1,2,0,0,0,2024-07-25
08:15.0,09:17.2,3,Handroanthus crysanthus,H06,6,25,7,2024,0,0,1,0,2,3,0,0,0,2024-07-25
07:04.0,07:58.7,3,Handroanthus crysanthus,H02,2,25,7,2024,0,0,2,0,2,4,1,0,0,2024-07-25
05:57.3,06:47.3,3,Handroanthus crysanthus,H11,11,25,7,2024,0,0,1,0,1,5,1,0,0,2024-07-25
02:04.8,02:51.6,3,Handroanthus crysanthus,H13,13,22,7,2024,0,0,1,0,0,2,1,0,0,2024-07-22
00:56.1,01:48.9,3,Handroanthus crysanthus,H12,12,22,7,2024,0,0,1,0,0,3,2,0,0,2024-07-22
59:53.6,00:42.9,3,Handroanthus crysanthus,H04,4,22,7,2024,0,0,1,0,0,4,1,0,0,2024-07-22
58:29.3,59:32.4,3,Handroanthus crysanthus,H05,5,22,7,2024,0,0,1,0,0,4,3,0,0,2024-07-22
56:46.4,58:26.8,3,Handroanthus crysanthus,H01,1,22,7,2024,0,0,0,0,0,4,3,0,0,2024-07-22
54:08.8,55:07.2,3,Handroanthus crysanthus,H07,7,22,7,2024,0,0,0,0,0,3,2,0,0,2024-07-22
53:01.3,53:52.6,3,Handroanthus crysanthus,H14,14,22,7,2024,0,0,1,0,0,3,0,0,0,2024-07-22
19:58.3,20:52.0,3,Handroanthus crysanthus,H14,14,6,7,2024,0,0,2,0,1,4,0,0,0,2024-07-06
18:44.3,19:33.8,3,Handroanthus crysanthus,H07,7,6,7,2024,0,0,2,0,2,2,0,0,0,2024-07-06
04:05.6,04:57.8,3,Handroanthus crysanthus,H11,11,4,7,2024,0,0,1,0,0,4,0,0,0,2024-07-04
02:25.4,03:19.6,3,Handroanthus crysanthus,H02,2,4,7,2024,0,0,3,1,0,3,0,0,0,2024-07-04
00:49.2,01:53.4,3,Handroanthus crysanthus,H13,13,4,7,2024,0,0,1,0,0,2,0,0,0,2024-07-04
43:27.8,44:53.1,3,Handroanthus crysanthus,H12,12,4,7,2024,0,0,2,0,1,3,0,0,0,2024-07-04
14:40.7,15:59.0,3,Handroanthus crysanthus,H10,10,3,7,2024,0,0,2,0,2,2,0,0,0,2024-07-03
07:24.8,09:02.7,3,Handroanthus crysanthus,H06,6,3,7,2024,0,0,3,0,1,3,0,0,0,2024-07-03
04:22.8,07:11.2,3,Handroanthus crysanthus,H04,4,3,7,2024,0,0,2,0,2,4,0,0,0,2024-07-03
01:14.2,02:14.2,3,Handroanthus crysanthus,H05,5,3,7,2024,0,0,2,0,1,4,0,0,0,2024-07-03
59:36.3,00:32.8,3,Handroanthus crysanthus,H01,1,3,7,2024,0,0,1,0,0,4,0,0,0,2024-07-03
44:13.7,45:06.7,3,Handroanthus crysanthus,H07,7,28,10,2024,3,3,2,3,0,0,0,0,0,2024-10-28
42:57.0,43:52.2,3,Handroanthus crysanthus,H10,10,28,10,2024,4,4,2,3,0,0,0,0,0,2024-10-28
41:09.2,42:45.5,3,Handroanthus crysanthus,H04,4,28,10,2024,3,3,2,4,0,0,0,0,0,2024-10-28
16:22.0,17:58.1,3,Handroanthus crysanthus,H05,5,28,10,2024,4,4,2,2,0,0,0,0,0,2024-10-28
14:34.5,15:57.9,3,Handroanthus crysanthus,H14,14,25,10,2024,4,4,1,3,0,1,1,0,0,2024-10-25
12:45.8,14:31.2,3,Handroanthus crysanthus,H13,13,25,10,2024,2,2,2,3,0,0,0,0,0,2024-10-25
11:09.1,12:32.3,3,Handroanthus crysanthus,H12,12,25,10,2024,4,4,4,3,0,0,0,0,0,2024-10-25
09:30.8,10:31.2,3,Handroanthus crysanthus,H01,1,25,10,2024,4,4,5,3,0,0,0,0,0,2024-10-25
08:09.1,09:04.2,3,Handroanthus crysanthus,H02,2,25,10,2024,4,4,1,2,0,0,1,1,0,2024-10-25
06:46.5,07:57.3,3,Handroanthus crysanthus,H11,11,25,10,2024,3,4,3,3,0,0,0,0,0,2024-10-25
04:02.8,04:54.4,3,Handroanthus crysanthus,H06,6,24,10,2024,3,3,3,3,0,0,0,0,0,2024-10-24
51:13.9,52:02.4,3,Handroanthus crysanthus,H14,14,11,10,2024,3,3,1,1,0,0,0,0,0,2024-10-11
50:04.8,50:51.5,3,Handroanthus crysanthus,H07,7,11,10,2024,3,3,1,1,0,0,0,0,0,2024-10-11
47:12.1,48:19.8,3,Handroanthus crysanthus,H10,10,10,10,2024,3,3,1,2,0,2,0,0,0,2024-10-10
41:10.0,43:34.4,3,Handroanthus crysanthus,H06,6,10,10,2024,3,4,2,3,0,0,1,0,0,2024-10-10
39:32.0,40:20.8,3,Handroanthus crysanthus,H04,4,10,10,2024,3,3,1,3,0,0,1,0,0,2024-10-10
38:15.3,39:15.1,3,Handroanthus crysanthus,H05,5,10,10,2024,4,3,1,1,0,0,0,0,0,2024-10-10
35:45.4,37:12.4,3,Handroanthus crysanthus,H11,11,8,10,2024,4,4,1,3,0,2,1,0,0,2024-10-08
34:05.5,34:54.4,3,Handroanthus crysanthus,H13,13,8,10,2024,3,2,2,2,0,0,0,0,0,2024-10-08
32:49.6,33:39.5,3,Handroanthus crysanthus,H12,12,8,10,2024,4,3,4,3,0,0,0,0,0,2024-10-08
31:09.9,32:42.2,3,Handroanthus crysanthus,H02,2,8,10,2024,4,3,1,1,0,2,2,2,0,2024-10-08
29:40.9,30:50.4,3,Handroanthus crysanthus,H01,1,8,10,2024,4,3,5,2,0,1,0,2,0,2024-10-08
21:17.4,22:12.8,3,Handroanthus crysanthus,H06,6,26,9,2024,4,4,1,3,0,3,2,0,0,2024-09-26
19:42.4,21:04.7,3,Handroanthus crysanthus,H10,10,26,9,2024,3,3,1,1,0,2,0,0,0,2024-09-26
18:33.0,19:21.6,3,Handroanthus crysanthus,H14,14,26,9,2024,3,2,1,1,0,3,1,0,0,2024-09-26
16:48.0,18:02.7,3,Handroanthus crysanthus,H07,7,26,9,2024,3,3,1,1,0,2,0,0,0,2024-09-26
17:11.7,18:09.1,3,Handroanthus crysanthus,H11,11,20,9,2024,3,3,1,1,0,3,3,0,0,2024-09-20
15:46.9,17:02.6,3,Handroanthus crysanthus,H04,4,20,9,2024,3,3,0,1,0,3,2,1,0,2024-09-20
49:44.1,50:37.0,3,Handroanthus crysanthus,H13,13,20,9,2024,3,0,0,1,0,3,0,0,0,2024-09-20
47:58.0,48:52.5,3,Handroanthus crysanthus,H12,12,20,9,2024,4,3,0,2,0,3,1,0,0,2024-09-20
21:19.5,22:16.1,3,Handroanthus crysanthus,H12,12,20,9,2024,4,3,0,2,0,3,1,0,0,2024-09-20
19:36.1,21:06.0,3,Handroanthus crysanthus,H05,5,20,9,2024,5,3,0,1,0,4,2,1,0,2024-09-20
56:31.3,01:47.3,3,Handroanthus crysanthus,H01,1,19,9,2024,3,3,1,5,0,3,3,3,0,2024-09-19
55:21.0,56:15.6,3,Handroanthus crysanthus,H02,2,19,9,2024,4,3,0,1,0,4,2,2,0,2024-09-19
2024-10-14 19:50,51:18.2,3,Handroanthus crysanthus,H06,6,12,9,2024,5,4,1,2,0,4,4,0,0,2024-09-12
16:58.4,17:58.2,3,Handroanthus crysanthus,H10,10,12,9,2024,3,3,1,1,0,4,0,0,0,2024-09-12
10:52.8,12:09.1,3,Handroanthus crysanthus,H14,14,10,9,2024,2,2,1,1,1,2,3,0,0,2024-09-10
25:10.4,26:01.1,3,Handroanthus crysanthus,H07,7,10,9,2024,4,3,1,1,0,2,1,0,0,2024-09-10
22:12.4,23:05.0,3,Handroanthus crysanthus,H05,5,10,9,2024,3,2,0,1,0,5,3,0,0,2024-09-10
20:19.2,21:58.6,3,Handroanthus crysanthus,H12,12,10,9,2024,4,3,0,3,0,3,3,0,0,2024-09-10
18:38.3,20:02.0,3,Handroanthus crysanthus,H13,13,10,9,2024,2,2,1,1,0,2,2,0,0,2024-09-10
17:03.7,18:27.0,3,Handroanthus crysanthus,H04,4,10,9,2024,5,4,0,1,0,3,3,0,0,2024-09-10
08:28.1,09:29.1,3,Handroanthus crysanthus,H01,1,5,9,2024,5,4,1,3,0,4,4,3,0,2024-09-05
04:53.0,06:06.8,3,Handroanthus crysanthus,H11,11,3,9,2024,4,2,0,0,0,5,4,0,0,2024-09-03
01:58.0,04:30.4,3,Handroanthus crysanthus,H02,2,3,9,2024,1,0,0,0,0,4,3,0,0,2024-09-03
13:44.7,14:32.1,3,Handroanthus crysanthus,H01,1,19,11,2024,4,4,5,2,0,0,0,0,0,2024-11-19
14:47.8,17:28.6,3,Handroanthus crysanthus,H12,12,19,11,2024,3,3,4,2,0,1,1,0,0,2024-11-19
18:11.0,19:32.6,3,Handroanthus crysanthus,H13,13,19,11,2024,1,2,2,2,0,0,0,0,0,2024-11-19
20:13.9,21:48.0,3,Handroanthus crysanthus,H05,5,19,11,2024,3,4,4,2,0,0,0,0,0,2024-11-19
22:00.6,23:02.5,3,Handroanthus crysanthus,H04,4,19,11,2024,3,3,3,4,0,0,0,0,0,2024-11-19
23:54.5,24:44.0,3,Handroanthus crysanthus,H06,6,19,11,2024,2,3,4,3,0,0,0,0,0,2024-11-19
29:53.1,32:49.8,3,Handroanthus crysanthus,H02,2,21,11,2024,4,4,3,2,0,1,1,0,0,2024-11-21
32:59.4,33:39.6,3,Handroanthus crysanthus,H11,11,21,11,2024,3,4,4,3,0,0,0,0,0,2024-11-21
33:49.0,35:23.1,3,Handroanthus crysanthus,H10,10,21,11,2024,3,4,4,3,0,0,0,0,0,2024-11-21
02:50.2,04:49.9,3,Handroanthus crysanthus,H14,14,14,11,2024,0,3,3,2,0,1,1,0,0,2024-11-14
05:31.9,07:08.8,3,Handroanthus crysanthus,H07,7,14,11,2024,2,3,3,3,0,0,0,0,0,2024-11-14
