"RootFolder","File","RelativePath","DateTime","TreeID","Temperature","Empty","Species","Count","Behaviour","Same_IND","Comment","CameraID","Date","infant"
"REC23_night","RCNX0004.AVI","H01\230809-28_H01_300R_12h_FULLMEM_Aotus_florivory_MOD","2023-08-13 15:02:49","H01",14,FALSE,"Aot",1,"Nectivory",FALSE,"","300R","2023-08-13",0
"REC23_night","RCNX0009.AVI","H01\230809-28_H01_300R_12h_FULLMEM_Aotus_florivory_MOD","2023-08-16 21:02:34","H01",13,FALSE,"Aot",1,"Nectivory",FALSE,"","300R","2023-08-16",0
"REC23_night","RCNX0068.AVI","H01\230809-30_H01_400R_24h_Thomasomys_florivory_Potus_wandering","2023-08-17 04:01:16","H01",12,FALSE,"Aot",1,"Other",FALSE,"","400R","2023-08-17",0
"REC23_night","RCNX0013.AVI","H01\230809-28_H01_300R_12h_FULLMEM_Aotus_florivory_MOD","2023-08-20 17:01:21","H01",15,FALSE,"Aot",2,"Wandering",FALSE,"Bad visibility","300R","2023-08-20",0
"REC23_night","RCNX0014.AVI","H01\230809-28_H01_300R_12h_FULLMEM_Aotus_florivory_MOD","2023-08-20 20:41:39","H01",14,FALSE,"Aot",2,"Wandering",FALSE,"","300R","2023-08-20",0
"REC23_night","RCNX0197.AVI","H01\230809-30_H01_400R_24h_Thomasomys_florivory_Potus_wandering","2023-08-24 20:40:01","H01",14,FALSE,"Aot",1,"Wandering",FALSE,"","400R","2023-08-24",0
"REC23_night","RCNX0002.AVI_Aotus.AVI","H05\230902-05_H05_400R_18h_Aotus_Rat_florivory","2023-09-03 05:22:46","H05",10,FALSE,"Aot",1,"Florivory",FALSE,"","400R","2023-09-03",0
"REC23_night","RCNX0015.AVI_Aotus.AVI","H05\230905-08_H05_400R_18h_Aotus_Rat_florivory_Calu-Pot_wondering","2023-09-08 02:23:24","H05",9,FALSE,"Aot",1,"Wandering",FALSE,"","400R","2023-09-08",0
"REC23_night","RCNX0032_Aotus.AVI","H05\230908-18_H05_400R_24h_Aotus_florivory_Change_inflo_bad","2023-09-12 01:00:48","H05",15,FALSE,"Aot",1,"Florivory",FALSE,"","400R","2023-09-12",0
"REC23_night","RCNX0001.AVI","H06\230913-20_H06_500R_24h_Aotus_family_wonder","2023-09-13 22:40:20","H06",13,FALSE,"Aot",4,"Florivory",FALSE,"","500R","2023-09-13",0
"REC23_night","RCNX0006.AVI","H06\230913-20_H06_500R_24h_Aotus_family_wonder","2023-09-15 23:03:50","H06",14,FALSE,"Aot",5,"Wandering",FALSE,"Presence of a cub","500R","2023-09-15",1
"REC23_night","RCNX0093.AVI","H05\230918-1001_H05_400R_24h_bad_position_nocturnal_activity","2023-09-28 02:35:17","H05",13,FALSE,"Aot",1,"Wandering",FALSE,"bad image","400R","2023-09-28",0
"REC23_night","RCNX0136.AVI","H01\230927-1004_H01_300R_24h_Aotus_wondering","2023-09-29 02:49:19","H01",13,FALSE,"Aot",1,"Wandering",FALSE,"","300R","2023-09-29",0
"REC23_night","RCNX0286_Aotus_family.AVI","H06\231004-1022_H06_500R_24h_AotufFam","2023-10-11 04:04:44","H06",11,FALSE,"Aot",4,"Wandering",FALSE,"","500R","2023-10-11",0
"REC23_night","RCNX0003_Aotus_herb.AVI","H01\231018_1102_H01_300R_24h_Aotus_herb_rat_frug","2023-10-19 20:05:37","H01",15,FALSE,"Aot",1,"Other",FALSE,"","300R","2023-10-19",0
"REC23_night","RCNX0063.AVI","H01\231018_1102_H01_300R_24h_Aotus_herb_rat_frug","2023-10-24 23:15:18","H01",15,FALSE,"Aot",1,"Inspecting",FALSE,"","300R","2023-10-24",0
"REC23_night","RCNX0455_Aotus_insectsonleaves.AVI","H01\231018_1102_H01_300R_24h_Aotus_herb_rat_frug","2023-10-31 19:08:58","H01",16,FALSE,"Aot",1,"Inspecting",FALSE,"","300R","2023-10-31",0
"REC23_night","RCNX0002_Aotus.AVI","H01\231102-18_H01_300R_1800-0600_Many_rat","2023-11-02 22:32:59","H01",16,FALSE,"Aot",1,"Wandering",FALSE,"","300R","2023-11-02",0
"REC23_night","RCNX0001.AVI","H11\231111-18_H11_800R_1800-630_Aotus_wonder","2023-11-14 22:19:43","H11",15,FALSE,"Aot",1,"Wandering",FALSE,"","800R","2023-11-14",0
"REC23_night","RCNX0002.AVI","H11\231111-18_H11_800R_1800-630_Aotus_wonder","2023-11-16 20:39:39","H11",16,FALSE,"Aot",1,"Wandering",FALSE,"","800R","2023-11-16",0
"REC23_night","RCNX0069_Aotus.AVI","H05\231102-18_H05_400R_1800-0600_Many_int","2023-11-18 05:19:53","H05",13,FALSE,"Aot",3,"Wandering",FALSE,"","400R","2023-11-18",0
"REC23_night","RCNX0001_Aotus_jump.AVI","H11\231118-27_H11_800R_1800-630_potos_aotus","2023-11-19 05:09:53","H11",12,FALSE,"Aot",1,"Wandering",FALSE,"","800R","2023-11-19",0
"RECONYX_24_cloud","RCNX0002_Aot.AVI","H01\231127-28_R300_H01 ","2023-11-28 00:14:40","H01",14,FALSE,"Aot",1,"Inspecting",FALSE,"","300R","2023-11-28",0
"RECONYX_24_cloud","RCNX0001.AVI","H06\231128_R500_H06 ","2023-11-28 00:23:17","H06",13,FALSE,"Aot",2,"Wandering",FALSE,"","500R","2023-11-28",0
"RECONYX_24_cloud","RCNX0004.AVI","H11\231201-28_R800_H11 ","2023-12-04 00:27:25","H11",14,FALSE,"Aot",2,"Wandering",FALSE,"","800R","2023-12-04",0
"RECONYX_24_cloud","RCNX0033.AVI","H01\231201-30_R300_H01 ","2023-12-11 04:26:01","H01",15,FALSE,"Aot",1,"Frugivory",FALSE,"","300R","2023-12-11",0
"RECONYX_24_cloud","RCNX0047.AVI","H01\231201-30_R300_H01 ","2023-12-16 20:22:34","H01",16,FALSE,"Aot",1,"Wandering",FALSE,"fur with scars? No, probably carries baby","300R","2023-12-16",1
"RECONYX_24_cloud","RCNX0053.AVI","H01\231201-30_R300_H01 ","2023-12-19 00:24:24","H01",16,FALSE,"Aot",2,"Wandering",FALSE,"one is the individual with scars","300R","2023-12-19",0
"RECONYX_24_cloud","RCNX0057.AVI","H01\231201-30_R300_H01 ","2023-12-21 00:03:34","H01",15,FALSE,"Aot",1,"Wandering",FALSE,"","300R","2023-12-21",0
"RECONYX_24_cloud","RCNX0010.AVI","H11\231201-28_R800_H11 ","2023-12-25 02:24:12","H11",14,FALSE,"Aot",2,"Wandering",FALSE,"","800R","2023-12-25",0
"RECONYX_24_cloud","RCNX0069.AVI","H01\231201-30_R300_H01 ","2023-12-27 01:20:53","H01",16,FALSE,"Aot",3,"Wandering",FALSE,"One is the one with scars","300R","2023-12-27",0
"RECONYX_24_cloud","RCNX0079.AVI","H01\240101-20_R300_H01 ","2024-01-06 02:53:13","H01",15,FALSE,"Aot",3,"Wandering",FALSE,"","300R","2024-01-06",0
"RECONYX_24_cloud","RCNX0081.AVI","H01\240101-20_R300_H01 ","2024-01-06 21:17:41","H01",15,FALSE,"Aot",1,"Inspecting",FALSE,"","300R","2024-01-06",0
"RECONYX_24_cloud","RCNX0003.AVI","H05\240106-18_R400_H05 ","2024-01-06 02:51:28","H05",14,FALSE,"Aot",2,"Inspecting",FALSE,"","400R","2024-01-06",0
"RECONYX_24_cloud","RCNX0008.AVI","H06\240106-18_R500_H06 ","2024-01-06 02:44:14","H06",14,FALSE,"Aot",1,"Wandering",FALSE,"","500R","2024-01-06",0
"RECONYX_24_cloud","RCNX0089.AVI","H01\240101-20_R300_H01 ","2024-01-08 03:26:02","H01",14,FALSE,"Aot",1,"Insectivory",FALSE,"Eating insects on leaves","300R","2024-01-08",0
"RECONYX_24_cloud","RCNX0009.AVI","H06\240106-18_R500_H06 ","2024-01-08 03:16:31","H06",13,FALSE,"Aot",4,"Wandering",FALSE,"","500R","2024-01-08",0
"RECONYX_24_cloud","RCNX0093.AVI","H01\240101-20_R300_H01 ","2024-01-09 03:01:00","H01",15,FALSE,"Aot",3,"Insectivory",FALSE,"eating insects from leaf","300R","2024-01-09",0
"RECONYX_24_cloud","RCNX0012.AVI","H06\240106-18_R500_H06 ","2024-01-09 02:52:03","H06",14,FALSE,"Aot",3,"Wandering",FALSE,"","500R","2024-01-09",0
"RECONYX_24_cloud","RCNX0099.AVI","H01\240101-20_R300_H01 ","2024-01-12 01:30:16","H01",14,FALSE,"Aot",3,"Inspecting",FALSE,"","300R","2024-01-12",0
"RECONYX_24_cloud","RCNX0106.AVI","H01\240101-20_R300_H01 ","2024-01-12 22:42:11","H01",15,FALSE,"Aot",1,"Wandering",FALSE,"Baby on the belly? not sure","300R","2024-01-12",1
"RECONYX_24_cloud","RCNX0005.AVI","H05\240106-18_R400_H05 ","2024-01-12 01:29:21","H05",13,FALSE,"Aot",1,"Wandering",FALSE,"","400R","2024-01-12",0
"RECONYX_24_cloud","RCNX0107.AVI","H01\240101-20_R300_H01 ","2024-01-15 05:08:33","H01",15,FALSE,"Aot",4,"Wandering",FALSE,"baby belly? Newborn owl monkeys weigh, on average, 96.5 g (3.40 oz) and instinctively ventrally cling to the mother. The infant will exhibit this pattern of attachment until about three to four weeks of age, when it will begin to cling dorsally to its carrier (Dixson 1994) https://primate.wisc.edu/primate-info-net/pin-factsheets/pin-factsheet-owl-monkey/#behavior-sociality","300R","2024-01-15",1
"RECONYX_24_cloud","RCNX0001_Aot.AVI","H06_2\240125-30_R500_H06 ","2024-01-25 22:09:26","H06",14,FALSE,"Aot",1,"Wandering",FALSE,"hair damaged - old scars maybe","500R","2024-01-25",0
"RECONYX_24_cloud","RCNX0005_Aot.AVI","H11_2\240122-29_R800_H11 ","2024-01-25 22:50:18","H11",14,FALSE,"Aot",1,"Wandering",FALSE,"","800R","2024-01-25",0
"RECONYX_24_cloud","RCNX0007_Aot.AVI","H01_2\240121-31_R300_H01 ","2024-01-26 23:26:30","H01",15,FALSE,"Aot",2,"Wandering",FALSE,"","300R","2024-01-26",0
"RECONYX_24_cloud","RCNX0001_Aot.AVI","H05_2\240126_R400_H05 ","2024-01-26 23:24:59","H05",13,FALSE,"Aot",2,"Wandering",FALSE,"very bad image - baby","400R","2024-01-26",1
"RECONYX_24_cloud","RCNX0011_Aot.AVI","H11_2\240202-29_R800_H11 ","2024-02-02 05:38:21","H11",15,FALSE,"Aot",2,"Wandering",FALSE,"","800R","2024-02-02",0
"RECONYX_24_cloud","RCNX0014_Aot_baby.AVI","H01_2\240201-16_R300_H01 ","2024-02-08 23:19:32","H01",15,FALSE,"Aot",4,"Wandering",FALSE,"baby","300R","2024-02-08",1
"RECONYX_24_cloud","RCNX0003.AVI","H05_2\240208-15_R400_H05 ","2024-02-08 23:15:59","H05",13,FALSE,"Aot",1,"Wandering",FALSE,"very bad image","400R","2024-02-08",0
"RECONYX_24_cloud","RCNX0006.AVI","H06_2\240208-25_R500_H06 ","2024-02-08 23:10:51","H06",14,FALSE,"Aot",1,"Wandering",FALSE,"very bad image","500R","2024-02-08",0
"RECONYX_24_cloud","RCNX0020_Aot.AVI","H01_2\240201-16_R300_H01 ","2024-02-12 04:02:56","H01",15,FALSE,"Aot",5,"Wandering",FALSE,"baby","300R","2024-02-12",1
"RECONYX_24_cloud","RCNX0008.AVI","H06_2\240208-25_R500_H06 ","2024-02-12 03:55:59","H06",14,FALSE,"Aot",1,"Wandering",FALSE,"very bad image","500R","2024-02-12",0
"RECONYX_24_cloud","RCNX0022_Aot.AVI","H01_2\240201-16_R300_H01 ","2024-02-13 19:28:58","H01",15,FALSE,"Aot",2,"Inspecting",FALSE,"","300R","2024-02-13",0
"RECONYX_24_cloud","RCNX0020_Aot.AVI","H11_2\240202-29_R800_H11 ","2024-02-14 00:14:50","H11",15,FALSE,"Aot",1,"Wandering",FALSE,"","800R","2024-02-14",0
"RECONYX_24_cloud","RCNX0022_Aot.AVI","H11_2\240202-29_R800_H11 ","2024-02-14 01:13:27","H11",15,FALSE,"Aot",1,"Wandering",FALSE,"","800R","2024-02-14",0
"RECONYX_24_cloud","RCNX0028_Aot.AVI","H01_2\240201-16_R300_H01 ","2024-02-15 03:36:02","H01",15,FALSE,"Aot",1,"Wandering",FALSE,"","300R","2024-02-15",0
"RECONYX_24_cloud","RCNX0010.AVI","H06_2\240208-25_R500_H06 ","2024-02-20 19:43:59","H06",15,FALSE,"Aot",1,"Wandering",FALSE,"very bad image","500R","2024-02-20",0
"RECONYX_24_cloud","RCNX0052_Aot.AVI","H11_2\240202-29_R800_H11 ","2024-02-22 00:48:51","H11",15,FALSE,"Aot",1,"Wandering",FALSE,"","800R","2024-02-22",0
"RECONYX_24_cloud","RCNX0012.AVI","H06_2\240208-25_R500_H06 ","2024-02-23 04:38:11","H06",13,FALSE,"Aot",2,"Wandering",FALSE,"baby","500R","2024-02-23",1
"RECONYX_24_cloud","RCNX0013.AVI","H06_2\240208-25_R500_H06 ","2024-02-23 05:19:57","H06",13,FALSE,"Aot",1,"Wandering",FALSE,"very bad image","500R","2024-02-23",0
"RECONYX_24_cloud","RCNX0056_Aot.AVI","H11_2\240202-29_R800_H11 ","2024-02-29 05:07:46","H11",13,FALSE,"Aot",1,"Inspecting",FALSE,"","800R","2024-02-29",0
"RECONYX_24_cloud","RCNX0016_Aot.AVI","H06_2\240304-15_R500_H06 ","2024-03-04 19:23:15","H06",15,FALSE,"Aot",1,"Wandering",FALSE,"","500R","2024-03-04",0
"RECONYX_24_cloud","RCNX0062_Aot.AVI","H11_2\240301-15_R800_H11 ","2024-03-06 19:38:48","H11",15,FALSE,"Aot",1,"Wandering",FALSE,"","800R","2024-03-06",0
"RECONYX_24_cloud","RCNX0002_Aot.AVI","H04_2\240309_R600_H04 ","2024-03-09 03:37:45","H04",12,FALSE,"Aot",2,"Wandering",FALSE,"","600R","2024-03-09",0
"RECONYX_24_cloud","RCNX0002.AVI","H11_3\240415-30_R800_H11 ","2024-03-15 21:40:03","H11",15,FALSE,"Aot",1,"Wandering",FALSE,"","800R","2024-03-15",0
"RECONYX_24_cloud","RCNX0002.AVI","H06_3\240315-30_R500_H06 ","2024-03-16 02:58:18","H06",14,FALSE,"Aot",1,"Wandering",FALSE,"","500R","2024-03-16",0
"RECONYX_24_cloud","RCNX0008.AVI","H06_3\240315-30_R500_H06 ","2024-03-20 21:56:21","H06",14,FALSE,"Aot",2,"Wandering",FALSE,"","500R","2024-03-20",0
"RECONYX_24_cloud","RCNX0005.AVI","H11_3\240415-30_R800_H11 ","2024-03-20 22:30:58","H11",15,FALSE,"Aot",1,"Wandering",FALSE,"","800R","2024-03-20",0
"RECONYX_24_cloud","RCNX0001.AVI","H04_3\240321-30_R600_H04 ","2024-03-21 01:41:10","H04",14,FALSE,"Aot",1,"Wandering",FALSE,"","600R","2024-03-21",0
"RECONYX_24_cloud","RCNX0002.avi","H05_3\240315-21_R400_H05 ","2024-03-21 01:45:25","H05",13,FALSE,"Aot",1,"Inspecting",FALSE,"","400R","2024-03-21",0
"RECONYX_24_cloud","RCNX0009.AVI","H06_3\240315-30_R500_H06 ","2024-03-21 01:48:16","H06",14,FALSE,"Aot",2,"Insectivory",FALSE,"Eating insects","500R","2024-03-21",0
"RECONYX_24_cloud","RCNX0014.AVI","H06_3\240315-30_R500_H06 ","2024-03-21 05:39:16","H06",15,FALSE,"Aot",5,"Wandering",FALSE,"baby","500R","2024-03-21",1
"RECONYX_24_cloud","RCNX0021.AVI","H06_3\240315-30_R500_H06 ","2024-03-23 05:47:28","H06",13,FALSE,"Aot",3,"Wandering",FALSE,"","500R","2024-03-23",0
"RECONYX_24_cloud","RCNX0010.AVI","H11_3\240415-30_R800_H11 ","2024-03-23 18:50:06","H11",17,FALSE,"Aot",2,"Wandering",FALSE,"bad image: too close to camera and not sure it is 2","800R","2024-03-23",0
"RECONYX_24_cloud","RCNX0015.AVI","H11_3\240415-30_R800_H11 ","2024-03-28 05:33:49","H11",10,FALSE,"Aot",1,"Wandering",FALSE,"bad image:out of camera view - appears for just 1 s at second 20","800R","2024-03-28",0
"RECONYX_24_cloud","RCNX0016.AVI","H11_3\240415-30_R800_H11 ","2024-03-29 03:28:23","H11",14,FALSE,"Aot",1,"Wandering",FALSE,"bad image:out of camera view - appears for just 1 s","800R","2024-03-29",0
"RECONYX_24_cloud","RCNX0002.AVI","H04_3\240321-30_R600_H04 ","2024-03-30 20:54:04","H04",13,FALSE,"Aot",1,"Wandering",FALSE,"","600R","2024-03-30",0
"RECONYX_24_cloud","RCNX0034.AVI","H06_3\240315-30_R500_H06 ","2024-03-30 21:17:59","H06",13,FALSE,"Aot",2,"Wandering",FALSE,"","500R","2024-03-30",0
"RECONYX_24_cloud","RCNX0003.AVI","H01_3\240315-31_R300_H01 ","2024-03-31 00:23:59","H01",14,FALSE,"Aot",1,"Wandering",FALSE,"","300R","2024-03-31",0
"RECONYX_24_cloud","RCNX0006.AVI","H01_3\240401-17_R300_H01 ","2024-04-01 05:23:12","H01",14,FALSE,"Aot",3,"Wandering",FALSE,"","300R","2024-04-01",0
"RECONYX_24_cloud","RCNX0019.AVI","H11_3\240402-18_R800_H11 ","2024-04-02 00:21:00","H11",15,FALSE,"Aot",3,"Wandering",FALSE,"baby","800R","2024-04-02",1
"RECONYX_24_cloud","RCNX0023.AVI","H11_3\240402-18_R800_H11 ","2024-04-04 00:47:05","H11",15,FALSE,"Aot",1,"Wandering",FALSE,"","800R","2024-04-04",0
"RECONYX_24_cloud","RCNX0027.AVI","H11_3\240402-18_R800_H11 ","2024-04-06 03:11:42","H11",14,FALSE,"Aot",1,"Wandering",FALSE,"","800R","2024-04-06",0
"RECONYX_24_cloud","RCNX0028.AVI","H11_3\240402-18_R800_H11 ","2024-04-07 05:33:36","H11",14,FALSE,"Aot",1,"Wandering",FALSE,"","800R","2024-04-07",0
"RECONYX_24_cloud","RCNX0011.AVI","H01_3\240401-17_R300_H01 ","2024-04-11 04:19:27","H01",14,FALSE,"Aot",1,"Wandering",FALSE,"","300R","2024-04-11",0
"RECONYX_24_cloud","RCNX0032.AVI","H11_3\240402-18_R800_H11 ","2024-04-11 04:55:20","H11",13,FALSE,"Aot",1,"Wandering",FALSE,"","800R","2024-04-11",0
"RECONYX_24_cloud","RCNX0035.AVI","H11_3\240402-18_R800_H11 ","2024-04-13 18:45:28","H11",16,FALSE,"Aot",2,"Wandering",FALSE,"baby","800R","2024-04-13",1
"RECONYX_24_cloud","RCNX0038.AVI","H11_3\240402-18_R800_H11 ","2024-04-15 04:21:34","H11",14,FALSE,"Aot",2,"Wandering",FALSE,"baby","800R","2024-04-15",1
"RECONYX_24_cloud","RCNX0039.AVI","H11_3\240402-18_R800_H11 ","2024-04-16 00:11:23","H11",15,FALSE,"Aot",1,"Wandering",FALSE,"","800R","2024-04-16",0
"RECONYX_24_cloud","RCNX0040.AVI","H11_3\240402-18_R800_H11 ","2024-04-16 02:25:03","H11",14,FALSE,"Aot",1,"Wandering",FALSE,"","800R","2024-04-16",0
"RECONYX_24_cloud","RCNX0042.AVI","H11_3\240402-18_R800_H11 ","2024-04-18 04:58:22","H11",14,FALSE,"Aot",3,"Wandering",FALSE,"baby","800R","2024-04-18",1
"RECONYX_24_cloud","RCNX0002.AVI","H11_4\240420-29_R800_H11 ","2024-04-20 04:45:40","H11",13,FALSE,"Aot",1,"Wandering",FALSE,"","800R","2024-04-20",0
"RECONYX_24_cloud","RCNX0003.AVI","H06_4\240420-30_R500_H06 ","2024-04-21 20:51:54","H06",18,FALSE,"Aot",2,"Wandering",FALSE,"","500R","2024-04-21",0
"RECONYX_24_cloud","RCNX0003.AVI","H01_4\240421-30_R300_H01 ","2024-04-27 21:05:44","H01",15,FALSE,"Aot",1,"Wandering",FALSE,"","300R","2024-04-27",0
"RECONYX_24_cloud","RCNX0007.AVI","H11_4\240420-29_R800_H11 ","2024-04-29 21:35:44","H11",16,FALSE,"Aot",1,"Insectivory",FALSE,"Insectivory on Bromeliads","800R","2024-04-29",0
"RECONYX_24_cloud","RCNX0008.AVI","H11_4\240420-29_R800_H11 ","2024-04-29 22:24:18","H11",16,FALSE,"Aot",2,"Wandering",FALSE,"","800R","2024-04-29",0
"RECONYX_24_cloud","RCNX0011.AVI","H01_4\240421-30_R300_H01 ","2024-04-30 18:55:08","H01",17,FALSE,"Aot",1,"Wandering",FALSE,"","300R","2024-04-30",0
"RECONYX_24_cloud","RCNX0012.AVI","H11_4\240501-24_R800_H11 ","2024-05-01 19:31:50","H11",15,FALSE,"Aot",2,"Wandering",FALSE,"","800R","2024-05-01",0
"RECONYX_24_cloud","RCNX0014.AVI","H11_4\240501-24_R800_H11 ","2024-05-06 02:28:38","H11",17,FALSE,"Aot",2,"Wandering",FALSE,"","800R","2024-05-06",0
"RECONYX_24_cloud","RCNX0019.AVI","H01_4\240501-24_R300_H01 ","2024-05-09 01:34:20","H01",14,FALSE,"Aot",1,"Wandering",FALSE,"","300R","2024-05-09",0
"RECONYX_24_cloud","RCNX0024.AVI","H01_4\240501-24_R300_H01 ","2024-05-09 21:46:34","H01",16,FALSE,"Aot",1,"Wandering",FALSE,"","300R","2024-05-09",0
"RECONYX_24_cloud","RCNX0025.AVI","H01_4\240501-24_R300_H01 ","2024-05-10 05:33:04","H01",14,FALSE,"Aot",2,"Wandering",FALSE,"","300R","2024-05-10",0
"RECONYX_24_cloud","RCNX0017.AVI","H11_4\240501-24_R800_H11 ","2024-05-11 04:15:06","H11",15,FALSE,"Aot",3,"Wandering",FALSE,"","800R","2024-05-11",0
"RECONYX_24_cloud","RCNX0029.AVI","H01_4\240501-24_R300_H01 ","2024-05-12 23:48:26","H01",16,FALSE,"Aot",3,"Inspecting",FALSE,"","300R","2024-05-12",0
"RECONYX_24_cloud","RCNX0031.AVI","H01_4\240501-24_R300_H01 ","2024-05-13 21:10:46","H01",13,FALSE,"Aot",3,"Wandering",FALSE,"","300R","2024-05-13",0
"RECONYX_24_cloud","RCNX0018.AVI","H11_4\240501-24_R800_H11 ","2024-05-13 01:40:14","H11",18,FALSE,"Aot",1,"Wandering",FALSE,"","800R","2024-05-13",0
"RECONYX_24_cloud","RCNX0036.AVI","H01_4\240501-24_R300_H01 ","2024-05-15 22:30:56","H01",16,FALSE,"Aot",2,"Wandering",FALSE,"","300R","2024-05-15",0
"RECONYX_24_cloud","RCNX0022.AVI","H11_4\240501-24_R800_H11 ","2024-05-15 03:16:58","H11",15,FALSE,"Aot",2,"Wandering",FALSE,"","800R","2024-05-15",0
"RECONYX_24_cloud","RCNX0013.AVI","H06_4\240502-24_R500_H06 ","2024-05-19 20:35:12","H06",14,FALSE,"Aot",1,"Wandering",FALSE,"","500R","2024-05-19",0
"RECONYX_24_cloud","RCNX0025.AVI","H11_4\240501-24_R800_H11 ","2024-05-20 05:32:34","H11",15,FALSE,"Aot",3,"Wandering",FALSE,"","800R","2024-05-20",0
"RECONYX_24_cloud","RCNX0026.AVI","H11_4\240501-24_R800_H11 ","2024-05-21 04:26:58","H11",15,FALSE,"Aot",1,"Wandering",FALSE,"","800R","2024-05-21",0
"RECONYX_24_cloud","RCNX0078.AVI","H01_4\240501-24_R300_H01 ","2024-05-23 03:46:02","H01",14,FALSE,"Aot",1,"Wandering",FALSE,"","300R","2024-05-23",0
"RECONYX_24_cloud","RCNX0002.AVI","H04_4\240524_R600_H04 ","2024-05-24 20:41:24","H04",14,FALSE,"Aot",1,"Insectivory",FALSE,"Insectivory","600R","2024-05-24",0
"RECONYX_24_cloud","RCNX0028.AVI","H11_4\240501-24_R800_H11 ","2024-05-24 05:01:08","H11",14,FALSE,"Aot",1,"Wandering",FALSE,"","800R","2024-05-24",0
"RECONYX_24_cloud","RCNX0001.AVI","H01_5\240525-31_R300_H01 ","2024-05-25 04:03:56","H01",13,FALSE,"Aot",1,"Wandering",FALSE,"","300R","2024-05-25",0
"RECONYX_24_cloud","RCNX0002.AVI","H01_5\240525-31_R300_H01 ","2024-05-26 03:52:44","H01",11,FALSE,"Aot",1,"Wandering",FALSE,"","300R","2024-05-26",0
"RECONYX_24_cloud","RCNX0001 (3).AVI","H06_5\240528-29_R500_H06 ","2024-05-28 01:43:14","H06",14,FALSE,"Aot",1,"Wandering",FALSE,"","500R","2024-05-28",0
"RECONYX_24_cloud","RCNX0001.AVI","H11_5\240528-31_R800_H11 ","2024-05-28 18:52:04","H11",15,FALSE,"Aot",1,"Wandering",FALSE,"","800R","2024-05-28",0
"RECONYX_24_cloud","RCNX0002.AVI","H11_5\240528-31_R800_H11 ","2024-05-30 01:31:56","H11",13,FALSE,"Aot",3,"Wandering",FALSE,"","800R","2024-05-30",0
"RECONYX_24_cloud","RCNX0065.AVI","H11_5\240601-30_R800_H11 ","2024-06-02 04:03:56","H11",13,FALSE,"Aot",1,"Wandering",FALSE,"","800R","2024-06-02",0
"RECONYX_24_cloud","RCNX0103.AVI","H11_5\240601-30_R800_H11 ","2024-06-03 20:38:38","H11",15,FALSE,"Aot",3,"Wandering",FALSE,"","800R","2024-06-03",0
"RECONYX_24_cloud","RCNX0035.AVI","H01_5\240601-26_R300_H01 ","2024-06-04 03:26:06","H01",13,FALSE,"Aot",3,"Wandering",FALSE,"","300R","2024-06-04",0
"RECONYX_24_cloud","RCNX0037.AVI","H01_5\240601-26_R300_H01 ","2024-06-04 20:04:30","H01",15,FALSE,"Aot",4,"Wandering",FALSE,"","300R","2024-06-04",0
"RECONYX_24_cloud","RCNX0108.AVI","H11_5\240601-30_R800_H11 ","2024-06-06 02:37:28","H11",12,FALSE,"Aot",3,"Wandering",FALSE,"","800R","2024-06-06",0
"RECONYX_24_cloud","RCNX0111.AVI","H11_5\240601-30_R800_H11 ","2024-06-07 05:15:12","H11",12,FALSE,"Aot",2,"Wandering",FALSE,"","800R","2024-06-07",0
"RECONYX_24_cloud","RCNX0112.AVI","H11_5\240601-30_R800_H11 ","2024-06-08 01:38:52","H11",13,FALSE,"Aot",2,"Wandering",FALSE,"","800R","2024-06-08",0
"RECONYX_24_cloud","RCNX0043.AVI","H01_5\240601-26_R300_H01 ","2024-06-09 20:39:30","H01",15,FALSE,"Aot",2,"Wandering",FALSE,"","300R","2024-06-09",0
"RECONYX_24_cloud","RCNX0003.AVI","H11_5\240601-30_R800_H11 ","2024-06-09 22:19:38","H11",14,FALSE,"Aot",2,"Wandering",FALSE,"","800R","2024-06-09",0
"RECONYX_24_cloud","RCNX0004.AVI","H11_5\240601-30_R800_H11 ","2024-06-10 05:09:56","H11",13,FALSE,"Aot",4,"Wandering",FALSE,"","800R","2024-06-10",0
"RECONYX_24_cloud","RCNX0005.AVI","H11_5\240601-30_R800_H11 ","2024-06-10 21:15:58","H11",14,FALSE,"Aot",4,"Wandering",FALSE,"","800R","2024-06-10",0
"RECONYX_24_cloud","RCNX0006.AVI","H11_5\240601-30_R800_H11 ","2024-06-12 22:45:58","H11",14,FALSE,"Aot",1,"Wandering",FALSE,"","800R","2024-06-12",0
"RECONYX_24_cloud","RCNX0007.AVI","H11_5\240601-30_R800_H11 ","2024-06-14 04:14:22","H11",11,FALSE,"Aot",1,"Wandering",FALSE,"","800R","2024-06-14",0
"RECONYX_24_cloud","RCNX0050.AVI","H01_5\240601-26_R300_H01 ","2024-06-21 02:55:36","H01",14,FALSE,"Aot",1,"Wandering",FALSE,"","300R","2024-06-21",0
"RECONYX_24_cloud","RCNX0051.AVI","H01_5\240601-26_R300_H01 ","2024-06-21 05:53:48","H01",14,FALSE,"Aot",1,"Wandering",FALSE,"","300R","2024-06-21",0
"RECONYX_24_cloud","RCNX0022.AVI","H05_5\240601-29_R400_H05 ","2024-06-22 02:59:06","H05",12,FALSE,"Aot",1,"Insectivory",FALSE,"Insectivory","400R","2024-06-22",0
"RECONYX_24_cloud","RCNX0052.AVI","H01_5\240601-26_R300_H01 ","2024-06-24 19:19:12","H01",16,FALSE,"Aot",1,"Wandering",FALSE,"","300R","2024-06-24",0
"RECONYX_24_cloud","RCNX0053.AVI","H01_5\240601-26_R300_H01 ","2024-06-24 22:09:04","H01",14,FALSE,"Aot",3,"Wandering",FALSE,"","300R","2024-06-24",0
"RECONYX_24_cloud","RCNX0055.AVI","H01_5\240701_R300_H01 ","2024-07-01 19:31:36","H01",14,FALSE,"Aot",1,"Wandering",FALSE,"","300R","2024-07-01",0
"RECONYX_24_cloud","RCNX0009.AVI","H11_5\240701-02_R800_H11 ","2024-07-01 02:10:46","H11",12,FALSE,"Aot",1,"Wandering",FALSE,"","800R","2024-07-01",0
"RECONYX_24_cloud","RCNX0010.AVI","H11_5\240701-02_R800_H11 ","2024-07-02 04:48:28","H11",13,FALSE,"Aot",3,"Wandering",FALSE,"","800R","2024-07-02",0
"RECONYX_24_cloud","RCNX0002.AVI","H11_6\240706-20_R800_H11 ","2024-07-07 05:57:50","H11",13,FALSE,"Aot",3,"Wandering",FALSE,"","800R","2024-07-07",0
"RECONYX_24_cloud","RCNX0006.AVI","H01_6\240706-31_R300_H01 ","2024-07-09 05:09:40","H01",11,FALSE,"Aot",3,"Herbivory",FALSE,"","300R","2024-07-09",0
"RECONYX_24_cloud","RCNX0011.AVI","H01_6\240706-31_R300_H01 ","2024-07-10 21:21:12","H01",14,FALSE,"Aot",2,"Insectivory",FALSE,"Maybe insectivory","300R","2024-07-10",0
"RECONYX_24_cloud","RCNX0013.AVI","H01_6\240706-31_R300_H01 ","2024-07-12 03:45:00","H01",14,FALSE,"Aot",3,"Social",FALSE,"And bothering each other while making squeaks","300R","2024-07-12",0
"RECONYX_24_cloud","RCNX0004.AVI","H05_6\240708-30_R400_H05 ","2024-07-12 03:45:16","H05",12,FALSE,"Aot",1,"Inspecting",FALSE,"","400R","2024-07-12",0
"RECONYX_24_cloud","RCNX0015.AVI","H01_6\240706-31_R300_H01 ","2024-07-13 22:54:46","H01",15,FALSE,"Aot",1,"Wandering",FALSE,"","300R","2024-07-13",0
"RECONYX_24_cloud","RCNX0022.AVI","H01_6\240706-31_R300_H01 ","2024-07-13 23:50:38","H01",16,FALSE,"Aot",3,"Insectivory",FALSE,"Wandering and insectivory","300R","2024-07-13",0
"RECONYX_24_cloud","RCNX0020.AVI","H11_6\240706-20_R800_H11 ","2024-07-14 05:22:12","H11",13,FALSE,"Aot",1,"Wandering",FALSE,"","800R","2024-07-14",0
"RECONYX_24_cloud","RCNX0027.AVI","H01_6\240706-31_R300_H01 ","2024-07-16 05:14:10","H01",14,FALSE,"Aot",2,"Social",FALSE,"Grooming","300R","2024-07-16",0
"RECONYX_24_cloud","RCNX0051.AVI","H01_6\240706-31_R300_H01 ","2024-07-22 02:15:30","H01",14,FALSE,"Aot",3,"Inspecting",FALSE,"","300R","2024-07-22",0
"RECONYX_24_cloud","RCNX0007.AVI","H05_6\240708-30_R400_H05 ","2024-07-22 02:11:08","H05",11,FALSE,"Aot",1,"Wandering",FALSE,"","400R","2024-07-22",0
"RECONYX_24_cloud","RCNX0065.AVI","H01_6\240706-31_R300_H01 ","2024-07-24 22:41:30","H01",18,FALSE,"Aot",1,"Florivory",FALSE,"","300R","2024-07-24",0
"RECONYX_24_cloud","RCNX0079.AVI","H01_6\240706-31_R300_H01 ","2024-07-28 03:13:20","H01",16,FALSE,"Aot",1,"Wandering",FALSE,"","300R","2024-07-28",0
"RECONYX_24_cloud","RCNX0086.AVI","H01_6\240706-31_R300_H01 ","2024-07-29 02:28:16","H01",15,FALSE,"Aot",2,"Florivory",FALSE,"","300R","2024-07-29",0
"RECONYX_24_cloud","RCNX0097.AVI","H01_6\240706-31_R300_H01 ","2024-07-30 03:18:14","H01",13,FALSE,"Aot",2,"Florivory",FALSE,"","300R","2024-07-30",0
"RECONYX_24_cloud","RCNX0107.AVI","H01_6\240706-31_R300_H01 ","2024-07-31 00:30:58","H01",15,FALSE,"Aot",1,"Wandering",FALSE,"","300R","2024-07-31",0
"RECONYX_24_cloud","RCNX0109.AVI","H01_6\240706-31_R300_H01 ","2024-07-31 01:44:06","H01",16,FALSE,"Aot",1,"Inspecting",FALSE,"","300R","2024-07-31",0
"RECONYX_24_cloud","RCNX0120.AVI","H01_6\240706-31_R300_H01 ","2024-07-31 21:14:48","H01",16,FALSE,"Aot",1,"Florivory",FALSE,"","300R","2024-07-31",0
"RECONYX_24_cloud","RCNX0086.AVI","H11_6\240729-0808_R800_H11 ","2024-07-31 05:06:10","H11",12,FALSE,"Aot",1,"Wandering",FALSE,"","800R","2024-07-31",0
"RECONYX_24_cloud","RCNX0124.AVI","H01_6\240801-07_R300_H01 ","2024-08-01 04:20:50","H01",14,FALSE,"Aot",1,"Wandering",FALSE,"","300R","2024-08-01",0
"RECONYX_24_cloud","RCNX0093.AVI","H11_6\240729-0808_R800_H11 ","2024-08-04 05:13:34","H11",11,FALSE,"Aot",1,"Wandering",FALSE,"","800R","2024-08-04",0
"RECONYX_24_cloud","RCNX0151.AVI","H01_6\240801-07_R300_H01 ","2024-08-05 01:01:34","H01",15,FALSE,"Aot",1,"Inspecting",FALSE,"","300R","2024-08-05",0
"RECONYX_24_cloud","RCNX0154.AVI","H01_6\240801-07_R300_H01 ","2024-08-05 21:04:02","H01",15,FALSE,"Aot",1,"Wandering",FALSE,"","300R","2024-08-05",0
"RECONYX_R_24_Transcend","RCNX0007.AVI","H01_R24\240808-31_R300_H01 ","2024-08-09 04:29:00","H01",13,FALSE,"Aot",2,"Wandering",FALSE,"","300R","2024-08-09",0
"RECONYX_R_24_Transcend","RCNX0001.AVI","H11_R24\240809-21_R800_H11 ","2024-08-09 20:04:00","H11",14,FALSE,"Aot",1,"Wandering",FALSE,"","800R","2024-08-09",0
"RECONYX_R_24_Transcend","RCNX0010.AVI","H01_R24\240808-31_R300_H01 ","2024-08-10 21:34:00","H01",14,FALSE,"Aot",1,"Wandering",FALSE,"","300R","2024-08-10",0
"RECONYX_R_24_Transcend","RCNX0012.AVI","H01_R24\240808-31_R300_H01 ","2024-08-11 02:32:00","H01",15,FALSE,"Aot",1,"Wandering",FALSE,"","300R","2024-08-11",0
"RECONYX_R_24_Transcend","RCNX0002.AVI","H11_R24\240809-21_R800_H11 ","2024-08-11 05:42:00","H11",13,FALSE,"Aot",1,"Wandering",FALSE,"","800R","2024-08-11",0
"RECONYX_R_24_Transcend","RCNX0022.AVI","H01_R24\240808-31_R300_H01 ","2024-08-13 03:04:00","H01",15,FALSE,"Aot",1,"Inspecting",FALSE,"","300R","2024-08-13",0
"RECONYX_R_24_Transcend","RCNX0028.AVI","H01_R24\240808-31_R300_H01 ","2024-08-15 05:09:00","H01",12,FALSE,"Aot",3,"Wandering",FALSE,"","300R","2024-08-15",0
"RECONYX_R_24_Transcend","RCNX0040.AVI","H01_R24\240808-31_R300_H01 ","2024-08-17 02:17:00","H01",16,FALSE,"Aot",1,"Wandering",FALSE,"Fruits developping","300R","2024-08-17",0
"RECONYX_R_24_Transcend","RCNX0053.AVI","H01_R24\240808-31_R300_H01 ","2024-08-24 23:56:00","H01",13,FALSE,"Aot",1,"Inspecting",FALSE,"","300R","2024-08-24",0
"RECONYX_R_24_Transcend","RCNX0062.AVI","H01_R24\240808-31_R300_H01 ","2024-08-29 03:56:00","H01",12,FALSE,"Aot",1,"Wandering",FALSE,"","300R","2024-08-29",0
"RECONYX_R_24_Transcend","RCNX0066.AVI","H01_R24\240808-31_R300_H01 ","2024-08-29 20:31:00","H01",17,FALSE,"Aot",1,"Wandering",FALSE,"","300R","2024-08-29",0
"RECONYX_R_24_Transcend","RCNX0069.AVI","H01_R24\240808-31_R300_H01 ","2024-08-31 02:15:00","H01",11,FALSE,"Aot",1,"Inspecting",FALSE,"","300R","2024-08-31",0
"RECONYX_R_24_Transcend","RCNX0010.AVI","H01_R24\240831-0924_R300_H01 ","2024-09-01 05:17:00","H01",13,FALSE,"Aot",3,"Wandering",FALSE,"","300R","2024-09-01",0
"RECONYX_R_24_Transcend","RCNX0075.AVI","H01_R24\240831-0924_R300_H01 ","2024-09-07 22:07:00","H01",16,FALSE,"Aot",1,"Wandering",FALSE,"","300R","2024-09-07",0
"RECONYX_R_24_Transcend","RCNX0001.AVI","H01_R24\240924-1025_R300_H01 ","2024-09-24 19:04:00","H01",16,FALSE,"Aot",2,"Herbivory",FALSE,"","300R","2024-09-24",0
"RECONYX_R_24_Transcend","RCNX0005.AVI","H06_R24\240917-1023_R500_H06 ","2024-09-24 20:41:00","H06",14,FALSE,"Aot",1,"Wandering",FALSE,"","500R","2024-09-24",0
"RECONYX_R_24_Transcend","RCNX0002.AVI","H11_R24\240925-1024_R800_H11 ","2024-09-27 01:50:00","H11",12,FALSE,"Aot",1,"Wandering",FALSE,"","800R","2024-09-27",0
"RECONYX_R_24_Transcend","RCNX0012.AVI","H11_R24\240925-1024_R800_H11 ","2024-10-12 21:37:00","H11",16,FALSE,"Aot",1,"Wandering",FALSE,"","800R","2024-10-12",0
"RECONYX_R_24_Transcend","RCNX0003.AVI","H11_R24\241027-1127_R800_H11 ","2024-10-28 00:01:00","H11",16,FALSE,"Aot",1,"Wandering",FALSE,"","800R","2024-10-28",0
"RECONYX_R_24_Transcend","RCNX0003.AVI","H06_R24\241026_1128_R500_H06 ","2024-10-29 18:41:00","H06",14,FALSE,"Aot",2,"Wandering",FALSE,"","500R","2024-10-29",0
"RECONYX_R_24_Transcend","RCNX0004.AVI","H06_R24\241026_1128_R500_H06 ","2024-11-01 03:21:00","H06",15,FALSE,"Aot",2,"Wandering",FALSE,"","500R","2024-11-01",0
"RECONYX_R_24_Transcend","RCNX0084.AVI","H11_R24\241027-1127_R800_H11 ","2024-11-04 03:28:00","H11",12,FALSE,"Aot",1,"Wandering",FALSE,"","800R","2024-11-04",0
"RECONYX_R_24_Transcend","RCNX0006.AVI","H06_R24\241026_1128_R500_H06 ","2024-11-06 04:31:00","H06",14,FALSE,"Aot",3,"Wandering",FALSE,"","500R","2024-11-06",0
"RECONYX_R_24_Transcend","RCNX0085.AVI","H11_R24\241027-1127_R800_H11 ","2024-11-06 01:02:00","H11",15,FALSE,"Aot",2,"Wandering",FALSE,"","800R","2024-11-06",0
"RECONYX_R_24_Transcend","RCNX0013.AVI","H06_R24\241026_1128_R500_H06 ","2024-11-10 18:28:00","H06",17,FALSE,"Aot",2,"Wandering",FALSE,"","500R","2024-11-10",0
"RECONYX_R_24_Transcend","RCNX0032.AVI","H06_R24\241026_1128_R500_H06 ","2024-11-14 18:33:00","H06",19,FALSE,"Aot",3,"Wandering",FALSE,"","500R","2024-11-14",0
"RECONYX_R_24_Transcend","RCNX0143.AVI","H11_R24\241027-1127_R800_H11 ","2024-11-19 22:28:00","H11",15,FALSE,"Aot",3,"Wandering",FALSE,"","800R","2024-11-19",0
"RECONYX_R_24_Transcend","RCNX0099.AVI","H06_R24\241026_1128_R500_H06 ","2024-11-25 20:58:00","H06",14,FALSE,"Aot",1,"Wandering",FALSE,"","500R","2024-11-25",0
"RECONYX_R_24_Transcend","RCNX0001.AVI","H04_R24\241126_R600_H04 ","2024-11-26 22:23:00","H04",15,FALSE,"Aot",1,"Inspecting",FALSE,"","600R","2024-11-26",0
"RECONYX_R_24_Transcend","RCNX0105.AVI","H06_R24\241026_1128_R500_H06 ","2024-11-26 19:39:00","H06",16,FALSE,"Aot",1,"Wandering",FALSE,"","500R","2024-11-26",0
"RECONYX_R_24_Transcend","RCNX0154.AVI","H11_R24\241027-1127_R800_H11 ","2024-11-27 02:12:00","H11",14,FALSE,"Aot",3,"Wandering",FALSE,"","800R","2024-11-27",0
