start,end,Parcela,Species,ID,Individuo,DD,MM,YY,LB,NL,ML,GL,AL,FB,OF,FR,MF
00:34.5,01:51.0,3,Handroanthus crysanthus,H11,11,18,6,2022,0,0,4,0,3,0,0,0,0
52:20.7,57:42.1,3,Handroanthus crysanthus,H05,5,20,6,2022,0,0,4,0,2,0,0,0,0
57:46.5,59:12.1,3,Handroanthus crysanthus,H04,4,20,6,2022,0,0,4,0,1,0,0,0,0
27:37.0,28:39.1,3,Handroanthus crysanthus,H01,1,21,6,2022,0,0,3,0,2,0,0,0,0
28:41.7,29:39.4,3,Handroanthus crysanthus,H02,2,21,6,2022,0,0,3,0,1,0,0,0,0
29:57.0,30:58.1,3,Handroanthus crysanthus,H06,6,20,6,2022,0,0,4,0,2,0,0,0,0
32:08.7,33:00.5,3,Handroanthus crysanthus,H10,10,20,6,2022,0,0,3,0,2,0,0,0,0
11:16.6,17:54.3,3,Handroanthus crysanthus,H11,11,29,6,2022,0,0,4,0,2,0,0,0,0
46:35.2,48:36.7,3,Handroanthus crysanthus,H07,7,2,7,2022,0,0,2,0,3,0,0,0,0
49:51.2,51:02.3,3,Handroanthus crysanthus,H01,1,2,7,2022,0,0,1,0,3,0,0,0,0
51:09.4,52:23.2,3,Handroanthus crysanthus,H05,5,2,7,2022,0,0,4,0,2,0,0,0,0
52:35.4,54:05.4,3,Handroanthus crysanthus,H04,4,2,7,2022,0,0,4,0,2,1,0,0,0
54:08.6,55:36.6,3,Handroanthus crysanthus,H02,2,2,7,2022,0,0,3,0,3,3,0,0,0
44:34.3,48:38.2,3,Handroanthus crysanthus,H01,1,11,7,2022,0,0,1,0,0,3,0,0,0
50:28.1,51:54.7,3,Handroanthus crysanthus,H12,12,11,7,2022,0,0,2,0,4,0,0,0,0
52:11.5,56:26.3,3,Handroanthus crysanthus,H02,2,11,7,2022,0,0,3,0,2,3,0,0,0
56:31.7,57:55.7,3,Handroanthus crysanthus,H05,5,11,7,2022,0,0,2,0,2,4,0,0,0
01:17.1,03:57.7,3,Handroanthus crysanthus,H06,6,11,7,2022,0,0,4,0,2,3,0,0,0
04:07.7,05:14.4,3,Handroanthus crysanthus,H10,10,11,7,2022,0,0,2,0,2,3,0,0,0
10:34.0,31:25.1,3,Handroanthus crysanthus,H04,4,12,7,2022,0,0,2,0,1,4,0,0,0
35:11.2,36:34.2,3,Handroanthus crysanthus,H07,7,12,7,2022,0,0,1,0,1,3,0,0,0
41:59.0,43:02.0,3,Handroanthus crysanthus,H11,11,13,7,2022,0,0,3,0,2,3,0,0,0
45:26.1,47:48.0,3,Handroanthus crysanthus,H11,11,6,8,2022,0,0,0,0,0,3,0,0,0
52:09.6,54:16.9,3,Handroanthus crysanthus,H02,2,6,8,2022,0,0,1,0,0,4,0,0,0
25:37.1,28:06.9,3,Handroanthus crysanthus,H01,1,7,8,2022,0,0,0,0,0,4,1,0,0
28:11.4,30:43.8,3,Handroanthus crysanthus,H04,4,7,8,2022,0,0,1,0,1,4,0,0,0
30:47.1,32:10.2,3,Handroanthus crysanthus,H05,5,7,8,2022,0,0,1,0,1,4,0,0,0
34:31.7,35:47.6,3,Handroanthus crysanthus,H06,6,7,8,2022,0,0,3,0,2,3,0,0,0
22:24.9,24:14.5,3,Handroanthus crysanthus,H14,14,9,8,2022,0,0,0,0,0,3,0,0,0
24:17.4,27:04.8,3,Handroanthus crysanthus,H07,7,9,8,2022,0,0,0,0,0,3,1,0,0
27:31.8,29:07.6,3,Handroanthus crysanthus,H10,10,9,8,2022,0,0,1,0,6,2,0,0,0
29:12.0,31:44.8,3,Handroanthus crysanthus,H12,12,10,8,2022,0,0,0,0,0,5,0,0,0
31:57.1,34:05.0,3,Handroanthus crysanthus,H13,13,10,8,2022,0,0,0,0,0,4,0,0,0
53:31.9,54:44.1,3,Handroanthus crysanthus,H07,7,24,7,2022,0,0,0,0,0,3,1,0,0
54:49.5,55:47.0,3,Handroanthus crysanthus,H01,1,25,7,2022,0,0,0,0,0,4,3,0,0
55:57.3,57:11.5,3,Handroanthus crysanthus,H05,5,25,7,2022,0,0,2,0,5,4,0,0,0
57:17.9,58:18.2,3,Handroanthus crysanthus,H04,4,25,7,2022,0,0,1,0,1,3,0,0,0
59:26.7,00:40.2,3,Handroanthus crysanthus,H06,6,25,7,2022,0,0,3,0,3,3,0,0,0
00:48.3,02:00.3,3,Handroanthus crysanthus,H10,10,25,7,2022,0,0,2,0,6,3,0,0,0
04:46.2,05:47.9,3,Handroanthus crysanthus,H11,11,26,7,2022,0,0,2,0,5,4,0,0,0
05:57.9,07:05.9,3,Handroanthus crysanthus,H02,2,26,7,2022,0,0,1,0,6,3,0,0,0
35:09.8,38:59.1,3,Handroanthus crysanthus,H02,2,17,8,2022,1,2,0,0,6,5,2,0,0
21:14.3,24:45.9,3,Handroanthus crysanthus,H01,1,17,8,2022,1,2,0,0,0,4,0,0,0
24:48.8,26:42.6,3,Handroanthus crysanthus,H05,5,17,8,2022,0,0,1,0,6,5,0,0,0
26:52.5,28:32.5,3,Handroanthus crysanthus,H04,4,17,8,2022,0,0,1,0,6,4,0,0,0
30:12.1,32:17.7,3,Handroanthus crysanthus,H10,10,20,8,2022,0,0,1,0,6,3,0,0,0
35:29.5,36:37.0,3,Handroanthus crysanthus,H07,7,20,8,2022,0,0,1,0,6,5,0,0,0
39:30.3,41:37.2,3,Handroanthus crysanthus,H12,12,22,8,2022,0,0,0,0,0,5,0,0,0
41:50.9,43:53.6,3,Handroanthus crysanthus,H13,13,22,8,2022,0,0,0,0,0,4,0,0,0
32:39.2,33:39.4,3,Handroanthus crysanthus,H11,11,31,8,2022,0,0,0,0,0,4,2,0,0
13:38.3,36:45.1,3,Handroanthus crysanthus,H01,1,3,9,2022,3,2,0,0,0,4,1,1,0
17:32.5,37:36.2,3,Handroanthus crysanthus,H02,2,3,9,2022,0,0,0,0,0,4,3,0,0
20:23.3,38:19.7,3,Handroanthus crysanthus,H05,5,3,9,2022,1,0,0,0,0,5,2,0,0
22:27.8,38:57.8,3,Handroanthus crysanthus,H12,12,3,9,2022,2,1,0,0,0,4,2,0,0
26:05.1,27:44.9,3,Handroanthus crysanthus,H13,13,3,9,2022,1,0,0,0,0,1,0,0,0
32:31.3,35:53.2,3,Handroanthus crysanthus,H07,7,4,9,2022,3,3,0,1,0,3,1,0,0
18:43.0,23:10.7,3,Handroanthus crysanthus,H01,1,3,9,2022,3,2,0,0,0,4,1,1,0
21:02.1,28:51.7,3,Handroanthus crysanthus,H05,5,3,9,2022,1,0,0,0,0,5,2,0,0
23:16.4,25:13.3,3,Handroanthus crysanthus,H12,12,3,9,2022,2,1,0,0,0,4,2,0,0
25:44.3,37:18.2,3,Handroanthus crysanthus,H13,13,3,9,2022,1,0,0,0,0,3,0,0,0
37:24.2,38:59.1,3,Handroanthus crysanthus,H04,4,3,9,2022,0,0,0,0,0,5,1,0,0
39:33.7,41:44.0,3,Handroanthus crysanthus,H07,7,4,9,2022,3,3,0,1,0,3,1,0,0
50:14.1,52:04.5,3,Handroanthus crysanthus,H06,6,5,9,2022,0,0,0,0,0,5,1,0,0
53:56.3,55:22.8,3,Handroanthus crysanthus,H10,10,5,9,2022,2,0,1,0,0,4,0,0,0
37:22.2,38:45.0,3,Handroanthus crysanthus,H02,2,10,9,2022,5,2,0,0,0,6,2,0,0
17:05.9,19:33.2,3,Handroanthus crysanthus,H11,11,19,9,2022,2,0,0,0,0,5,4,0,0
20:20.5,23:02.4,3,Handroanthus crysanthus,H02,2,19,9,2022,5,2,0,4,0,0,0,0,0
48:13.9,51:25.0,3,Handroanthus crysanthus,H01,1,20,9,2022,5,3,0,2,0,4,4,1,0
59:22.6,01:54.7,3,Handroanthus crysanthus,H12,12,20,9,2022,4,3,0,3,0,5,4,0,0
01:59.5,29:03.9,3,Handroanthus crysanthus,H05,5,20,9,2022,3,3,0,0,0,4,5,0,0
06:54.4,28:33.5,3,Handroanthus crysanthus,H13,13,20,9,2022,4,2,0,0,0,4,2,0,0
08:36.6,11:39.8,3,Handroanthus crysanthus,H04,4,20,9,2022,3,3,0,1,0,4,4,0,0
11:43.7,27:52.6,3,Handroanthus crysanthus,H07,7,21,9,2022,4,4,0,2,0,3,3,0,0
20:17.9,27:05.5,3,Handroanthus crysanthus,H06,6,21,9,2022,3,3,0,0,0,4,5,0,0
23:19.5,26:46.7,3,Handroanthus crysanthus,H10,10,21,0,2022,3,3,0,0,0,3,3,0,0
29:27.5,31:01.2,3,Handroanthus crysanthus,H14,14,27,9,2022,3,3,0,0,0,3,4,0,0
00:41.6,01:55.7,3,Handroanthus crysanthus,H14,14,8,10,2022,3,4,0,2,0,3,3,0,0
01:58.3,03:02.5,3,Handroanthus crysanthus,H07,7,9,10,2022,3,5,2,3,0,0,0,0,0
03:56.8,05:18.3,3,Handroanthus crysanthus,H01,1,9,10,2022,4,5,1,4,0,0,0,3,0
05:20.7,06:24.4,3,Handroanthus crysanthus,H12,12,9,10,2022,4,4,0,5,0,0,2,0,0
06:26.8,07:34.3,3,Handroanthus crysanthus,H13,13,9,10,2022,5,2,0,0,0,0,0,0,0
09:53.7,10:57.3,3,Handroanthus crysanthus,H02,2,10,10,2022,4,4,0,2,0,3,4,3,0
10:59.7,11:56.7,3,Handroanthus crysanthus,H11,11,10,10,2022,5,3,0,4,4,3,4,3,0
11:59.4,12:56.4,3,Handroanthus crysanthus,H05,5,10,10,2022,4,4,0,2,0,3,3,4,0
12:59.3,14:01.4,3,Handroanthus crysanthus,H04,4,10,10,2022,4,4,0,4,0,0,2,0,0
14:04.2,15:30.3,3,Handroanthus crysanthus,H06,6,11,10,2022,5,4,0,4,0,5,4,3,0
16:25.9,17:20.2,3,Handroanthus crysanthus,H10,10,11,10,2022,5,4,0,3,0,4,3,0,0
45:52.1,49:41.6,3,Handroanthus crysanthus,H01,1,1,11,2022,3,5,4,3,0,0,0,5,1
49:50.1,50:46.2,3,Handroanthus crysanthus,H05,5,1,11,2022,4,4,3,3,0,0,0,5,0
51:02.4,52:21.5,3,Handroanthus crysanthus,H07,7,2,11,2022,3,3,2,4,0,0,0,1,0
52:37.7,53:45.8,3,Handroanthus crysanthus,H04,4,2,11,2022,4,4,2,3,0,0,0,5,0
54:38.7,05:48.3,3,Handroanthus crysanthus,H02,2,2,11,2022,3,4,2,3,0,1,3,4,0
49:07.6,52:47.2,3,Handroanthus crysanthus,H01,1,13,12,2022,1,1,4,2,1,0,0,3,6
50:24.0,52:23.7,3,Handroanthus crysanthus,H12,12,13,12,2022,1,2,4,2,0,0,0,4,4
52:51.0,53:54.2,3,Handroanthus crysanthus,H13,13,13,12,2022,3,3,2,2,0,0,0,3,2
54:41.0,57:42.0,3,Handroanthus crysanthus,H05,5,13,12,2022,3,3,3,2,2,0,1,5,5
57:54.2,16:08.4,3,Handroanthus crysanthus,H04,4,13,12,2022,2,3,4,2,1,0,0,5,5
16:11.4,17:50.5,3,Handroanthus crysanthus,H06,6,14,12,2022,1,1,4,2,1,0,0,5,5
19:37.9,21:04.9,3,Handroanthus crysanthus,H10,10,14,12,2022,3,3,3,2,1,0,0,3,4
22:04.9,23:14.2,3,Handroanthus crysanthus,H14,14,14,12,2022,2,2,3,2,1,0,0,3,5
23:41.5,53:10.2,3,Handroanthus crysanthus,H07,7,14,12,2022,2,2,4,2,1,0,0,0,0
53:14.6,59:37.1,3,Handroanthus crysanthus,H02,2,17,12,2022,3,2,5,2,0,0,0,2,2
59:59.2,04:29.9,3,Handroanthus crysanthus,H11,11,17,12,2022,3,2,5,3,0,0,0,2,2
32:11.8,34:18.4,3,Handroanthus crysanthus,H01,1,4,1,2023,1,0,4,0,2,0,0,0,0
34:21.9,36:53.2,3,Handroanthus crysanthus,H05,5,4,1,2023,3,3,4,2,2,0,0,0,4
36:56.6,39:19.0,3,Handroanthus crysanthus,H04,4,4,1,2023,0,0,5,0,3,0,0,0,0
42:20.0,43:27.6,3,Handroanthus crysanthus,H06,6,7,1,2023,0,0,4,1,2,6,5,0,0
49:39.6,50:52.3,3,Handroanthus crysanthus,H10,10,7,1,2023,1,2,4,2,2,0,0,2,5
52:22.8,53:45.1,3,Handroanthus crysanthus,H07,7,7,1,2023,0,0,5,2,1,0,0,0,0
53:48.0,56:17.6,3,Handroanthus crysanthus,H12,12,8,1,2023,1,0,5,0,3,0,0,3,3
56:21.5,57:19.1,3,Handroanthus crysanthus,H02,2,8,1,2023,2,2,5,1,3,0,0,2,2
57:23.9,58:25.8,3,Handroanthus crysanthus,H11,11,8,1,2023,0,0,5,0,2,0,0,2,2
02:12.0,03:11.4,3,Handroanthus crysanthus,H14,14,9,1,2023,2,2,4,2,1,0,0,3,5
34:49.7,36:54.1,3,Handroanthus crysanthus,H01,1,4,2,2023,0,3,5,0,2,0,0,0,0
36:57.4,38:31.8,3,Handroanthus crysanthus,H05,5,4,2,2023,2,3,5,0,3,0,0,0,0
38:35.7,40:09.7,3,Handroanthus crysanthus,H04,4,4,2,2023,3,0,5,0,2,0,0,0,0
40:14.1,41:47.0,3,Handroanthus crysanthus,H12,12,4,2,2023,3,0,5,0,2,0,0,0,0
41:50.0,43:18.3,3,Handroanthus crysanthus,H13,13,4,2,2023,3,1,4,0,2,0,0,0,0
45:39.9,46:59.1,3,Handroanthus crysanthus,H06,6,5,2,2023,0,0,5,0,3,0,0,0,0
47:03.9,49:22.8,3,Handroanthus crysanthus,H10,10,5,2,2023,0,0,5,0,2,0,0,0,0
49:30.8,50:52.6,3,Handroanthus crysanthus,H07,7,5,2,2023,0,0,6,0,3,0,0,0,0
52:29.2,54:35.6,3,Handroanthus crysanthus,H02,2,6,2,2023,3,0,5,0,2,0,0,0,0
54:38.4,56:08.4,3,Handroanthus crysanthus,H11,11,6,2,2023,3,0,5,0,3,0,0,0,0
00:52.4,02:10.1,3,Handroanthus crysanthus,H14,14,8,2,2023,0,0,6,0,2,0,0,0,0
28:37.4,34:38.2,3,Handroanthus crysanthus,H01,1,25,2,2023,1,1,5,0,3,0,0,0,0
34:47.0,39:11.1,3,Handroanthus crysanthus,H05,5,25,2,2023,0,0,0,0,0,0,0,0,0
39:14.0,41:08.0,3,Handroanthus crysanthus,H05,5,25,2,2023,1,1,5,0,3,0,0,0,0
41:16.2,42:41.4,3,Handroanthus crysanthus,H04,4,25,2,2023,0,0,5,0,2,0,0,0,0
42:45.1,44:11.9,3,Handroanthus crysanthus,H12,12,25,2,2023,0,0,5,0,2,0,0,0,0
44:14.2,45:44.7,3,Handroanthus crysanthus,H13,13,25,2,2023,0,0,4,0,3,0,0,0,0
47:30.7,49:02.3,3,Handroanthus crysanthus,H06,6,26,2,2023,0,0,5,0,3,0,0,0,0
51:00.0,52:21.3,3,Handroanthus crysanthus,H10,10,26,2,2023,0,0,5,0,3,0,0,0,0
52:23.7,53:41.7,3,Handroanthus crysanthus,H07,7,26,2,2023,0,0,6,0,2,0,0,0,0
53:43.7,55:08.2,3,Handroanthus crysanthus,H02,2,27,2,2023,0,0,6,0,3,0,0,0,0
55:13.0,57:01.6,3,Handroanthus crysanthus,H11,11,27,2,2023,0,0,6,0,3,0,0,0,0
58:21.7,59:35.9,3,Handroanthus crysanthus,H14,14,27,2,2023,0,0,5,0,2,0,0,0,0
43:29.4,44:38.1,3,Handroanthus crysanthus,H14,14,13,3,2023,3,0,4,0,0,0,0,0,0
44:40.3,46:02.0,3,Handroanthus crysanthus,H07,7,13,3,2023,0,0,5,0,2,0,0,0,0
48:12.7,49:48.2,3,Handroanthus crysanthus,H11,11,14,3,2023,0,0,5,0,4,0,0,0,0
52:17.6,53:30.4,3,Handroanthus crysanthus,H01,1,15,3,2023,0,0,5,0,3,0,0,0,0
53:32.4,54:44.6,3,Handroanthus crysanthus,H12,12,15,3,2023,0,0,5,0,2,0,0,0,0
54:47.0,55:56.9,3,Handroanthus crysanthus,H02,2,15,3,2023,0,0,5,0,1,0,0,0,0
56:03.8,57:16.5,3,Handroanthus crysanthus,H13,13,15,3,2023,0,0,4,0,4,0,0,0,0
57:18.7,58:58.1,3,Handroanthus crysanthus,H04,4,15,3,2023,0,0,5,0,3,0,0,0,0
59:03.7,00:15.5,3,Handroanthus crysanthus,H05,5,15,3,2023,0,0,5,0,3,0,0,0,0
00:29.4,02:38.6,3,Handroanthus crysanthus,H06,6,18,3,2023,0,0,5,0,2,0,0,0,0
04:26.7,05:53.7,3,Handroanthus crysanthus,H10,10,18,3,2023,0,0,4,0,3,0,0,0,0
17:56.1,20:43.5,3,Handroanthus crysanthus,H07,7,2,11,2022,3,3,2,4,0,0,0,1,0
20:46.8,21:37.8,3,Handroanthus crysanthus,H04,4,2,11,2022,4,4,2,3,0,0,0,5,0
21:45.6,22:35.3,3,Handroanthus crysanthus,H02,2,2,11,2022,3,4,2,3,0,1,3,4,0
26:06.6,26:59.3,3,Handroanthus crysanthus,H12,12,3,11,2022,3,4,2,4,0,0,0,4,0
27:03.4,27:58.1,3,Handroanthus crysanthus,H13,13,3,11,2022,5,3,0,2,0,0,0,3,0
28:03.5,30:41.8,3,Handroanthus crysanthus,H11,11,5,11,2022,3,4,3,2,0,0,3,4,0
31:57.3,33:08.7,3,Handroanthus crysanthus,H06,6,5,11,2022,3,4,3,2,0,0,0,4,0
33:12.1,34:05.1,3,Handroanthus crysanthus,H10,10,5,11,2022,3,3,2,2,0,0,0,3,0
34:14.6,35:24.8,3,Handroanthus crysanthus,H14,14,5,11,2022,3,3,3,3,0,0,1,3,0
02:01.4,03:26.4,3,Handroanthus crysanthus,H05,5,16,11,2022,3,4,3,2,0,0,0,5,4
03:30.1,04:20.5,3,Handroanthus crysanthus,H04,4,16,11,2022,3,3,4,2,0,0,0,5,4
04:22.9,06:34.4,3,Handroanthus crysanthus,H01,1,16,11,2022,3,3,4,2,0,1,3,3,1
06:39.4,09:05.5,3,Handroanthus crysanthus,H06,6,20,11,2022,3,3,4,3,0,0,0,5,3
11:08.5,11:54.9,3,Handroanthus crysanthus,H10,10,20,11,2022,4,4,3,3,0,0,0,3,0
16:12.6,17:36.5,3,Handroanthus crysanthus,H07,7,23,11,2022,3,3,3,3,0,0,0,1,0
17:40.1,18:35.7,3,Handroanthus crysanthus,H14,14,23,11,2022,3,3,3,2,0,0,0,3,0
18:38.0,19:20.9,3,Handroanthus crysanthus,H12,12,23,11,2022,3,3,3,2,0,0,0,4,1
19:24.0,20:16.2,3,Handroanthus crysanthus,H13,13,23,11,2022,4,4,0,3,0,0,0,3,0
20:19.5,21:30.8,3,Handroanthus crysanthus,H02,2,23,11,2022,3,4,3,2,0,0,0,4,1
21:34.6,22:21.1,3,Handroanthus crysanthus,H11,11,23,11,2022,3,3,4,2,0,0,0,4,0
50:53.0,52:03.8,3,Handroanthus crysanthus,H04,4,21,1,2023,3,0,4,0,1,0,0,0,0
53:53.6,54:42.3,3,Handroanthus crysanthus,H13,13,21,1,2023,3,3,3,1,2,0,0,0,2
54:44.6,55:32.4,3,Handroanthus crysanthus,H12,12,21,1,2023,3,1,4,0,2,0,0,0,3
55:35.6,56:14.9,3,Handroanthus crysanthus,H05,5,21,1,2023,4,3,4,1,3,1,0,0,3
56:22.6,57:13.4,3,Handroanthus crysanthus,H10,10,22,1,2023,0,0,5,1,2,0,0,1,3
57:56.6,58:55.2,3,Handroanthus crysanthus,H06,6,22,1,2023,0,0,5,0,1,0,0,0,0
58:57.2,59:59.1,3,Handroanthus crysanthus,H07,7,22,1,2023,0,0,5,0,2,0,0,0,0
00:01.9,00:47.6,3,Handroanthus crysanthus,H14,14,22,1,2023,0,0,5,0,2,0,0,0,0
01:46.9,03:08.9,3,Handroanthus crysanthus,H02,2,23,1,2023,3,0,5,0,2,0,0,0,2
03:11.3,04:02.0,3,Handroanthus crysanthus,H11,11,23,1,2023,3,0,5,0,3,0,0,0,2
52:06.2,53:48.3,3,Handroanthus crysanthus,H01,1,21,1,2023,3,0,4,0,2,0,0,4,3
26:14.8,27:59.2,3,Handroanthus crysanthus,H01,1,26,3,2023,0,0,5,0,3,0,0,0,0
29:14.8,30:29.3,3,Handroanthus crysanthus,H05,5,26,3,2023,0,0,5,0,3,0,0,0,0
30:32.6,31:36.9,3,Handroanthus crysanthus,H04,4,26,3,2023,0,0,5,0,3,0,0,0,0
31:39.9,32:45.2,3,Handroanthus crysanthus,H13,13,26,3,2023,0,0,4,0,2,0,0,0,0
33:04.5,34:06.8,3,Handroanthus crysanthus,H02,2,26,3,2023,0,0,5,0,2,0,0,0,0
34:10.1,35:20.1,3,Handroanthus crysanthus,H11,11,27,3,2023,0,0,5,0,4,0,0,0,0
40:11.1,41:34.2,3,Handroanthus crysanthus,H06,6,30,3,2023,0,0,4,0,3,0,0,0,0
43:02.3,44:07.1,3,Handroanthus crysanthus,H10,10,30,3,2023,0,0,4,0,3,0,0,0,0
44:09.9,45:29.6,3,Handroanthus crysanthus,H14,14,30,3,2023,0,0,4,0,3,0,0,0,0
22:02.5,23:09.6,3,Handroanthus crysanthus,H14,14,4,4,2023,0,0,4,0,2,0,0,0,0
23:13.8,25:25.5,3,Handroanthus crysanthus,H07,7,4,4,2023,0,0,4,0,3,0,0,0,0
27:33.7,28:39.1,3,Handroanthus crysanthus,H01,1,4,4,2023,0,0,5,0,3,0,0,0,0
28:42.7,29:45.8,3,Handroanthus crysanthus,H05,5,4,4,2023,0,0,4,0,2,0,0,0,0
29:49.3,31:16.0,3,Handroanthus crysanthus,H04,4,5,4,2023,0,0,5,0,1,0,0,0,0
31:19.0,32:29.5,3,Handroanthus crysanthus,H13,13,5,4,2023,0,0,3,0,2,0,0,0,0
32:32.1,33:32.6,3,Handroanthus crysanthus,H12,12,5,4,2023,0,0,5,0,1,0,0,0,0
34:54.6,37:06.3,3,Handroanthus crysanthus,H06,6,5,4,2023,0,0,4,0,1,0,0,0,0
37:08.9,38:11.9,3,Handroanthus crysanthus,H02,2,8,4,2023,0,0,5,0,2,0,0,0,0
38:14.5,39:13.0,3,Handroanthus crysanthus,H11,11,8,4,2023,0,0,5,0,4,0,0,0,0
41:48.8,42:51.0,3,Handroanthus crysanthus,H10,10,8,4,2023,0,0,4,0,3,0,0,0,0
01:54.6,03:10.0,3,Handroanthus crysanthus,H07,7,15,4,2023,0,0,4,0,2,0,0,0,0
04:23.9,06:19.9,3,Handroanthus crysanthus,H01,1,15,4,2023,0,0,5,0,3,0,0,0,0
06:23.1,07:28.5,3,Handroanthus crysanthus,H05,5,15,4,2023,0,0,4,0,2,0,0,0,0
07:32.5,08:50.5,3,Handroanthus crysanthus,H12,12,15,4,2023,0,0,5,0,2,0,0,0,0
19:58.9,20:48.8,3,Handroanthus crysanthus,H06,6,17,4,2023,0,0,4,0,1,0,0,0,0
21:07.1,21:58.4,3,Handroanthus crysanthus,H13,13,17,4,2023,0,0,3,0,2,0,0,0,0
22:05.9,23:22.7,3,Handroanthus crysanthus,H04,4,17,4,2023,0,0,5,0,1,0,0,0,0
24:08.4,34:36.7,3,Handroanthus crysanthus,H10,10,17,4,2023,0,0,4,0,2,0,0,0,0
24:59.1,33:39.0,3,Handroanthus crysanthus,H02,2,19,4,2023,0,0,5,0,1,0,0,0,0
26:07.9,34:17.7,3,Handroanthus crysanthus,H11,11,19,4,2023,0,0,5,0,4,0,0,0,0
32:16.6,37:10.5,3,Handroanthus crysanthus,H14,14,19,4,2023,0,0,4,0,1,0,0,0,0
24:55.0,26:16.4,3,Handroanthus crysanthus,H14,14,26,4,2023,0,0,4,0,2,0,0,0,0
26:19.4,27:23.5,3,Handroanthus crysanthus,H07,7,26,4,2023,0,0,4,0,3,0,0,0,0
28:32.9,29:33.9,3,Handroanthus crysanthus,H01,1,26,4,2023,0,0,5,0,3,0,0,0,0
29:37.1,30:36.5,3,Handroanthus crysanthus,H12,12,26,4,2023,0,0,5,0,2,0,0,0,0
30:39.2,31:47.8,3,Handroanthus crysanthus,H05,5,29,4,2023,0,0,4,0,1,0,0,0,0
31:51.5,32:59.0,3,Handroanthus crysanthus,H04,4,29,4,2023,0,0,5,0,1,0,0,0,0
33:03.5,34:11.1,3,Handroanthus crysanthus,H06,6,29,4,2023,0,0,4,0,1,0,0,0,0
35:37.2,36:48.9,3,Handroanthus crysanthus,H10,10,29,4,2023,0,0,4,0,1,0,0,0,0
36:53.1,38:04.1,3,Handroanthus crysanthus,H02,2,29,4,2023,0,0,5,0,2,0,0,0,0
38:08.0,39:59.2,3,Handroanthus crysanthus,H11,11,29,4,2023,0,0,5,0,3,0,0,0,0
44:04.1,45:08.4,3,Handroanthus crysanthus,H13,13,29,4,2023,0,0,3,0,1,0,0,0,0
06:59.3,41:22.5,3,Handroanthus crysanthus,H01,1,15,3,2022,0,0,4,0,0,0,0,0,0
41:26.5,42:07.8,3,Handroanthus crysanthus,H05,5,15,3,2022,0,0,5,0,0,0,0,0,0
42:10.9,42:54.7,3,Handroanthus crysanthus,H04,4,15,3,2022,0,0,5,0,0,0,0,0,0
42:57.5,43:55.0,3,Handroanthus crysanthus,H06,6,16,3,2022,0,0,5,0,0,0,0,0,0
43:58.2,44:41.6,3,Handroanthus crysanthus,H02,2,16,3,2022,0,0,5,0,0,0,0,0,0
44:46.2,45:28.8,3,Handroanthus crysanthus,H10,10,16,3,2022,0,0,5,0,0,0,0,0,0
46:33.3,47:17.4,3,Handroanthus crysanthus,H07,7,17,3,2022,0,0,5,0,0,0,0,0,0
17:52.7,19:13.5,3,Handroanthus crysanthus,H07,7,1,4,2022,0,0,4,0,0,0,0,0,0
20:04.8,20:42.7,3,Handroanthus crysanthus,H01,1,1,4,2022,0,0,4,0,0,0,0,0,0
20:45.7,21:28.6,3,Handroanthus crysanthus,H05,5,1,4,2022,0,0,5,0,0,0,0,0,0
21:31.8,22:14.5,3,Handroanthus crysanthus,H04,4,5,4,2022,0,0,5,0,0,0,0,0,0
22:17.0,22:57.6,3,Handroanthus crysanthus,H06,6,5,4,2022,0,0,5,0,0,0,0,0,0
23:00.7,23:35.3,3,Handroanthus crysanthus,H10,10,5,4,2022,0,0,4,0,0,0,0,0,0
25:01.5,25:34.7,3,Handroanthus crysanthus,H02,2,6,4,2022,0,0,4,0,0,0,0,0,0
25:37.8,26:16.2,3,Handroanthus crysanthus,H11,11,6,4,2022,0,0,5,0,0,0,0,0,0
46:47.5,47:51.5,3,Handroanthus crysanthus,H11,11,13,4,2022,0,0,5,0,0,0,0,0,0
48:58.1,49:49.7,3,Handroanthus crysanthus,H07,7,14,4,2022,0,0,4,0,0,0,0,0,0
49:53.1,51:20.8,3,Handroanthus crysanthus,H01,1,14,4,2022,0,0,4,0,0,0,0,0,0
51:24.1,52:03.4,3,Handroanthus crysanthus,H05,5,19,4,2022,0,0,5,0,0,0,0,0,0
52:06.1,52:48.4,3,Handroanthus crysanthus,H02,2,19,4,2022,0,0,5,0,0,0,0,0,0
52:50.8,53:32.2,3,Handroanthus crysanthus,H04,4,19,4,2022,0,0,5,0,0,0,0,0,0
53:35.8,54:25.6,3,Handroanthus crysanthus,H06,6,20,4,2022,0,0,5,0,0,0,0,0,0
55:21.2,56:30.3,3,Handroanthus crysanthus,H10,10,20,4,2022,0,0,4,0,0,0,0,0,0
26:24.7,27:19.7,3,Handroanthus crysanthus,H11,11,3,5,2022,0,0,5,0,0,0,0,0,0
27:22.0,28:03.0,3,Handroanthus crysanthus,H02,2,3,5,2022,0,0,4,0,0,0,0,0,0
28:07.4,29:28.1,3,Handroanthus crysanthus,H04,4,4,5,2022,0,0,4,0,0,0,0,0,0
29:30.4,30:06.3,3,Handroanthus crysanthus,H06,6,4,5,2022,0,0,4,0,0,0,0,0,0
30:51.3,31:50.2,3,Handroanthus crysanthus,H10,10,4,5,2022,0,0,5,0,0,0,0,0,0
38:36.1,39:20.2,3,Handroanthus crysanthus,H07,7,1,5,2022,0,0,4,0,0,0,0,0,0
46:19.2,47:02.7,3,Handroanthus crysanthus,H01,1,1,5,2022,0,0,4,0,0,0,0,0,0
47:08.0,47:47.1,3,Handroanthus crysanthus,H05,5,1,5,2022,0,0,5,0,0,0,0,0,0
32:10.7,32:49.7,3,Handroanthus crysanthus,H07,7,14,5,2022,0,0,4,0,0,0,0,0,0
33:36.9,34:19.6,3,Handroanthus crysanthus,H01,1,14,5,2022,0,0,4,0,0,0,0,0,0
34:23.2,35:05.0,3,Handroanthus crysanthus,H05,5,14,5,2022,0,0,5,0,0,0,0,0,0
36:18.1,37:05.1,3,Handroanthus crysanthus,H04,4,20,5,2022,0,0,5,0,0,0,0,0,0
37:08.0,37:43.3,3,Handroanthus crysanthus,H06,6,20,5,2022,0,0,5,0,0,0,0,0,0
38:50.2,39:29.6,3,Handroanthus crysanthus,H10,10,20,5,2022,0,0,4,0,0,0,0,0,0
43:21.9,44:05.8,3,Handroanthus crysanthus,H11,11,17,5,2022,0,0,5,0,0,0,0,0,0
44:09.1,44:47.6,3,Handroanthus crysanthus,H02,2,17,5,2022,0,0,4,0,0,0,0,0,0
20:54.6,21:28.1,3,Handroanthus crysanthus,H07,7,24,5,2022,0,0,4,0,0,0,0,0,0
47:07.8,47:46.1,3,Handroanthus crysanthus,H05,5,20,6,2022,0,0,4,0,2,0,0,0,0
47:48.7,49:03.1,3,Handroanthus crysanthus,H04,4,20,6,2022,0,0,4,0,1,0,0,0,0
49:06.5,49:41.4,3,Handroanthus crysanthus,H06,6,20,6,2022,0,0,4,0,2,0,0,0,0
50:23.4,51:02.3,3,Handroanthus crysanthus,H10,10,20,6,2022,0,0,3,0,2,0,0,0,0
51:11.0,51:45.1,3,Handroanthus crysanthus,H01,1,27,5,2022,0,0,4,0,0,0,0,0,0
51:53.4,52:31.0,3,Handroanthus crysanthus,H05,5,27,5,2022,0,0,5,0,0,0,0,0,0
52:40.5,53:36.9,3,Handroanthus crysanthus,H04,4,27,5,2022,0,0,5,0,0,0,0,0,0
53:39.3,54:17.8,3,Handroanthus crysanthus,H06,6,27,5,2022,0,0,5,0,0,0,0,0,0
55:03.1,55:33.5,3,Handroanthus crysanthus,H10,10,27,5,2022,0,0,4,0,0,0,0,0,0
59:53.4,00:29.3,3,Handroanthus crysanthus,H11,11,29,5,2022,0,0,5,0,0,0,0,0,0
00:31.9,01:05.6,3,Handroanthus crysanthus,H02,2,29,5,2022,0,0,4,0,0,0,0,0,0
12:42.4,13:26.9,3,Handroanthus crysanthus,H07,7,4,6,2022,0,0,4,0,0,0,0,0,0
14:11.1,16:07.0,3,Handroanthus crysanthus,H01,1,5,6,2022,0,0,4,0,0,0,0,0,0
16:09.9,16:44.6,3,Handroanthus crysanthus,H05,5,5,6,2022,0,0,4,0,0,0,0,0,0
16:47.0,17:23.6,3,Handroanthus crysanthus,H04,4,5,6,2022,0,0,4,0,0,0,0,0,0
18:10.4,18:44.4,3,Handroanthus crysanthus,H06,6,5,6,2022,0,0,5,0,0,0,0,0,0
18:46.9,19:28.3,3,Handroanthus crysanthus,H10,10,5,6,2022,0,0,4,0,0,0,0,0,0
20:49.6,21:24.6,3,Handroanthus crysanthus,H11,11,6,6,2022,0,0,5,0,2,0,0,0,0
21:27.0,21:59.5,3,Handroanthus crysanthus,H02,2,6,6,2022,0,0,4,0,3,0,0,0,0
57:04.3,58:05.8,3,Handroanthus crysanthus,H14,14,9,5,2023,0,0,3,0,1,0,0,0,0
59:26.6,00:15.1,3,Handroanthus crysanthus,H01,1,10,5,2023,0,0,4,0,1,0,0,0,0
00:17.6,01:18.9,3,Handroanthus crysanthus,H05,5,10,5,2023,0,0,4,0,1,0,0,0,0
01:22.3,02:07.6,3,Handroanthus crysanthus,H12,12,10,5,2023,0,0,4,0,2,0,0,0,0
02:16.0,03:17.0,3,Handroanthus crysanthus,H13,13,10,5,2023,0,0,3,0,2,0,0,0,0
06:28.7,07:15.8,3,Handroanthus crysanthus,H11,11,15,5,2023,0,0,4,0,3,0,0,0,0
07:18.3,08:01.3,3,Handroanthus crysanthus,H02,2,15,5,2023,0,0,5,0,1,0,0,0,0
50:51.6,52:01.0,3,Handroanthus crysanthus,H07,7,17,5,2023,0,0,4,0,3,0,0,0,0
52:12.9,53:33.4,3,Handroanthus crysanthus,H04,4,17,5,2023,0,0,4,0,2,0,0,0,0
54:07.9,55:09.5,3,Handroanthus crysanthus,H06,6,17,5,2023,0,0,4,0,3,0,0,0,0
56:56.5,59:33.4,3,Handroanthus crysanthus,H10,10,17,5,2023,0,0,3,0,2,0,0,0,0
29:32.3,30:36.8,3,Handroanthus crysanthus,H14,14,24,5,2023,0,0,3,0,2,0,0,0,0
42:10.9,42:52.0,3,Handroanthus crysanthus,H07,7,25,5,2023,0,0,3,0,2,0,0,0,0
42:54.3,43:53.9,3,Handroanthus crysanthus,H01,1,25,5,2023,0,0,4,0,1,0,0,0,0
43:56.7,44:43.0,3,Handroanthus crysanthus,H04,4,25,5,2023,0,0,4,0,2,0,0,0,0
44:46.6,45:32.1,3,Handroanthus crysanthus,H05,5,25,5,2023,0,0,4,0,1,0,0,0,0
45:34.8,46:33.5,3,Handroanthus crysanthus,H12,12,25,5,2023,0,0,4,0,1,0,0,0,0
46:38.9,47:25.6,3,Handroanthus crysanthus,H13,13,25,5,2023,0,0,3,0,2,0,0,0,0
04:10.8,06:32.8,3,Handroanthus crysanthus,H02,2,27,5,2023,0,0,5,0,1,0,0,0,0
06:45.7,07:27.7,3,Handroanthus crysanthus,H06,6,27,5,2023,0,0,4,0,1,0,0,0,0
08:24.1,09:13.8,3,Handroanthus crysanthus,H11,11,27,5,2023,0,0,4,0,3,0,0,0,0
09:17.1,10:04.3,3,Handroanthus crysanthus,H10,10,27,5,2023,0,0,4,0,1,0,0,0,0
36:40.8,37:57.0,3,Handroanthus crysanthus,H14,14,3,6,2023,0,0,3,0,2,0,0,0,0
37:59.8,39:07.0,3,Handroanthus crysanthus,H07,7,3,6,2023,0,0,3,0,2,0,0,0,0
40:34.2,41:54.3,3,Handroanthus crysanthus,H01,1,3,6,2023,0,0,3,0,1,0,0,0,0
42:10.2,44:31.2,3,Handroanthus crysanthus,H05,5,3,6,2023,0,0,4,0,2,0,0,0,0
44:34.5,45:47.2,3,Handroanthus crysanthus,H02,2,3,6,2023,0,0,5,0,1,0,0,0,0
45:50.4,46:56.2,3,Handroanthus crysanthus,H12,12,3,6,2023,0,0,3,0,1,0,0,0,0
46:59.1,47:58.6,3,Handroanthus crysanthus,H13,13,3,6,2023,0,0,3,0,2,0,0,0,0
35:24.9,36:36.3,3,Handroanthus crysanthus,H07,7,18,6,2023,0,0,3,0,1,0,0,0,0
38:10.2,39:29.9,3,Handroanthus crysanthus,H01,1,18,6,2023,0,0,3,0,1,0,0,0,0
39:51.2,41:39.0,3,Handroanthus crysanthus,H04,4,18,6,2023,0,0,3,0,1,0,0,0,0
41:52.9,42:58.4,3,Handroanthus crysanthus,H05,5,18,6,2023,0,0,4,0,2,0,0,0,0
43:18.9,44:38.8,3,Handroanthus crysanthus,H14,14,18,6,2023,0,0,3,0,1,0,0,0,0
44:43.8,45:39.5,3,Handroanthus crysanthus,H02,2,18,6,2023,0,0,4,0,2,0,0,0,0
45:57.7,47:12.8,3,Handroanthus crysanthus,H12,12,18,6,2023,0,0,3,0,1,0,0,0,0
47:26.5,48:23.9,3,Handroanthus crysanthus,H13,13,18,6,2023,0,0,2,0,2,0,0,0,0
31:18.0,34:24.3,3,Handroanthus crysanthus,H04,4,5,6,2023,0,0,4,0,1,0,0,0,0
34:26.9,35:15.9,3,Handroanthus crysanthus,H06,6,5,6,2023,0,0,3,0,1,0,0,0,0
36:16.6,37:02.9,3,Handroanthus crysanthus,H10,10,5,6,2023,0,0,3,0,1,0,0,0,0
39:16.8,40:16.5,3,Handroanthus crysanthus,H11,11,6,6,2023,0,0,3,0,1,0,0,0,0
48:15.7,49:13.8,3,Handroanthus crysanthus,H11,11,19,6,2023,0,0,3,0,1,0,0,0,0
49:31.5,50:26.3,3,Handroanthus crysanthus,H06,6,19,6,2023,0,0,3,0,1,0,0,0,0
51:54.6,52:45.6,3,Handroanthus crysanthus,H10,10,19,6,2023,0,0,3,0,1,0,0,0,0
52:03.4,52:47.6,3,Handroanthus crysanthus,H07,7,26,6,2023,0,0,2,0,1,0,0,0,0
53:47.0,54:37.4,3,Handroanthus crysanthus,H14,14,26,6,2023,0,0,2,0,1,0,0,0,0
55:35.3,56:46.7,3,Handroanthus crysanthus,H01,1,26,6,2023,0,0,2,0,1,0,1,0,0
56:54.2,57:37.5,3,Handroanthus crysanthus,H12,12,26,6,2023,0,0,3,0,1,0,0,0,0
38:45.7,39:38.7,3,Handroanthus crysanthus,H05,5,28,6,2023,0,0,3,0,2,4,0,0,0
39:41.0,40:41.6,3,Handroanthus crysanthus,H04,4,28,6,2023,0,0,3,0,1,4,0,0,0
40:44.9,41:31.1,3,Handroanthus crysanthus,H13,13,28,6,2023,0,0,2,0,2,3,0,0,0
42:23.3,43:26.6,3,Handroanthus crysanthus,H06,6,28,6,2023,0,0,3,0,2,3,0,0,0
43:28.9,44:09.6,3,Handroanthus crysanthus,H10,10,28,6,2023,0,0,3,0,2,3,0,0,0
29:21.7,31:13.7,3,Handroanthus crysanthus,H02,2,1,7,2023,0,0,3,0,1,3,0,0,0
31:23.2,32:42.4,3,Handroanthus crysanthus,H11,11,1,7,2023,0,0,2,0,2,3,0,0,0
00:16.3,02:04.1,3,Handroanthus crysanthus,H05,5,19,7,2023,0,0,2,0,2,4,0,0,0
02:10.3,03:44.3,3,Handroanthus crysanthus,H04,4,19,7,2023,0,0,2,0,2,4,0,0,0
03:57.0,05:05.5,3,Handroanthus crysanthus,H12,12,19,7,2023,0,0,2,0,1,3,0,0,0
05:22.5,06:39.3,3,Handroanthus crysanthus,H13,13,19,7,2023,0,0,2,0,3,3,0,0,0
06:50.7,08:02.3,3,Handroanthus crysanthus,H06,6,19,7,2023,0,0,2,0,2,3,0,0,0
10:02.6,11:17.4,3,Handroanthus crysanthus,H10,10,19,7,2023,0,0,2,0,0,3,0,0,0
27:12.0,30:58.6,3,Handroanthus crysanthus,H02,2,22,7,2023,0,0,2,0,1,3,0,0,0
31:02.2,32:29.6,3,Handroanthus crysanthus,H11,11,22,7,2023,0,0,1,0,2,4,0,0,0
15:11.3,16:41.0,3,Handroanthus crysanthus,H07,7,29,7,2023,0,0,0,0,0,4,0,0,0
16:44.3,17:47.6,3,Handroanthus crysanthus,H14,14,29,7,2023,0,0,0,0,0,4,0,0,0
17:51.5,18:52.8,3,Handroanthus crysanthus,H01,1,29,7,2023,0,0,0,0,0,4,0,0,0
18:56.3,20:23.7,3,Handroanthus crysanthus,H12,12,29,7,2023,0,0,1,0,6,4,0,0,0
20:26.8,21:37.5,3,Handroanthus crysanthus,H02,2,29,7,2023,0,0,2,0,4,0,0,0,0
11:16.7,12:25.7,3,Handroanthus crysanthus,H11,11,30,7,2023,1,0,0,0,6,4,0,0,0
09:06.6,14:03.2,3,Handroanthus crysanthus,H05,5,2,8,2023,0,0,1,0,1,4,0,0,0
12:23.5,13:53.6,3,Handroanthus crysanthus,H04,4,2,8,2023,0,0,2,0,3,4,0,0,0
14:29.1,15:46.3,3,Handroanthus crysanthus,H13,13,2,8,2023,0,0,1,0,3,3,0,0,0
17:40.6,18:35.5,3,Handroanthus crysanthus,H06,6,2,8,2023,0,0,1,0,2,4,0,0,0
18:53.7,24:05.2,3,Handroanthus crysanthus,H10,10,2,8,2023,1,0,1,0,2,3,0,0,0
52:50.5,54:20.9,3,Handroanthus crysanthus,H01,1,23,8,2023,0,0,0,0,0,3,0,0,0
55:03.0,57:02.2,3,Handroanthus crysanthus,H04,4,23,8,2023,0,0,0,0,0,4,0,0,0
57:18.1,58:42.0,3,Handroanthus crysanthus,H05,5,23,8,2023,0,0,0,0,0,4,1,0,0
58:55.4,00:06.1,3,Handroanthus crysanthus,H06,6,23,8,2023,0,0,0,0,0,4,2,0,0
02:28.2,04:40.5,3,Handroanthus crysanthus,H10,10,23,8,2023,0,0,1,0,3,3,0,0,0
04:53.3,06:03.4,3,Handroanthus crysanthus,H12,12,23,8,2023,0,0,0,0,0,4,0,0,0
06:16.8,07:27.1,3,Handroanthus crysanthus,H13,13,23,8,2023,0,0,0,0,0,3,0,0,0
06:06.9,07:54.6,3,Handroanthus crysanthus,H14,14,26,8,2023,0,0,0,0,0,4,1,0,0
07:58.0,09:05.3,3,Handroanthus crysanthus,H07,7,26,8,2023,1,1,0,1,0,4,1,0,0
09:08.3,10:16.0,3,Handroanthus crysanthus,H02,2,26,8,2023,0,0,0,0,0,4,1,0,0
06:26.4,08:42.8,3,Handroanthus crysanthus,H01,1,13,9,2023,4,3,1,2,0,5,5,0,0
12:39.2,15:12.9,3,Handroanthus crysanthus,H12,12,13,9,2023,3,0,0,0,0,3,4,0,0
15:20.8,16:42.7,3,Handroanthus crysanthus,H13,13,13,9,2023,3,0,0,0,0,3,3,0,0
19:33.6,20:50.2,3,Handroanthus crysanthus,H07,7,16,9,2023,4,3,0,2,0,3,3,0,0
21:07.4,22:52.4,3,Handroanthus crysanthus,H14,14,16,9,2023,4,3,0,0,0,3,5,0,0
23:05.9,25:03.8,3,Handroanthus crysanthus,H10,10,16,9,2023,4,3,1,2,0,3,3,0,0
25:20.9,28:16.7,3,Handroanthus crysanthus,H06,6,16,9,2023,4,4,0,2,0,4,4,0,0
29:51.9,30:39.5,3,Handroanthus crysanthus,H02,2,16,9,2023,4,1,0,1,0,4,3,0,0
30:47.3,32:08.9,3,Handroanthus crysanthus,H11,11,16,9,2023,4,4,0,1,0,3,5,0,0
59:41.9,04:01.7,3,Handroanthus crysanthus,H11,11,27,9,2023,4,4,1,6,0,3,3,2,0
04:11.7,06:12.4,3,Handroanthus crysanthus,H02,2,27,9,2023,4,4,1,4,0,4,3,2,0
06:28.1,07:39.9,3,Handroanthus crysanthus,H01,1,27,9,2023,3,3,4,3,0,2,2,3,0
09:45.6,10:52.1,3,Handroanthus crysanthus,H07,7,27,9,2023,3,4,3,3,0,2,2,0,0
11:05.3,12:10.1,3,Handroanthus crysanthus,H14,14,27,9,2023,4,3,1,3,0,3,4,0,0
39:31.5,40:58.4,3,Handroanthus crysanthus,H05,5,30,9,2023,4,5,1,3,0,3,3,3,0
41:09.9,42:49.7,3,Handroanthus crysanthus,H12,12,30,9,2023,3,4,0,3,0,3,3,0,0
42:56.3,44:42.5,3,Handroanthus crysanthus,H04,4,30,9,2023,4,4,0,4,0,2,2,3,0
44:44.8,45:56.0,3,Handroanthus crysanthus,H13,13,30,9,2023,3,2,1,2,0,1,2,0,0
12:06.0,13:29.4,3,Handroanthus crysanthus,H10,10,1,10,2023,4,5,3,3,0,2,2,3,0
15:06.6,16:31.9,3,Handroanthus crysanthus,H10,10,1,10,2023,3,4,2,3,0,3,3,3,0
36:53.8,38:05.6,3,Handroanthus crysanthus,H11,11,3,4,2024,0,0,4,0,2,0,0,0,0
53:50.4,57:59.5,3,Handroanthus crysanthus,H11,11,16,3,2024,0,0,4,0,1,0,0,0,0
43:52.2,44:45.1,3,Handroanthus crysanthus,H10,10,30,3,2024,0,0,3,0,2,0,0,0,0
42:39.4,43:34.1,3,Handroanthus crysanthus,H06,6,30,3,2024,0,0,4,0,2,0,0,0,0
38:37.5,39:24.6,3,Handroanthus crysanthus,H13,13,30,3,2024,0,0,2,0,2,0,0,0,0
37:36.6,38:25.8,3,Handroanthus crysanthus,H12,12,30,3,2024,0,0,4,0,1,0,0,0,0
36:26.6,37:18.1,3,Handroanthus crysanthus,H05,5,30,3,2024,0,0,4,0,2,0,0,0,0
35:21.1,36:16.8,3,Handroanthus crysanthus,H04,4,30,3,2024,0,0,4,0,2,0,0,0,0
34:05.3,34:56.1,3,Handroanthus crysanthus,H01,1,27,3,2024,0,1,4,0,1,0,0,0,0
32:34.8,33:48.9,3,Handroanthus crysanthus,H02,2,27,3,2024,0,0,5,0,2,0,0,0,0
29:59.9,30:56.2,3,Handroanthus crysanthus,H07,7,27,3,2024,0,0,4,0,1,0,0,0,0
28:07.0,29:37.0,3,Handroanthus crysanthus,H14,14,27,3,2024,0,0,3,0,1,0,0,0,0
57:39.9,58:46.4,3,Handroanthus crysanthus,H10,10,16,3,2024,0,0,3,0,1,0,0,0,0
52:35.4,53:33.1,3,Handroanthus crysanthus,H02,2,16,3,2024,0,0,5,1,0,0,0,0,0
50:03.6,51:06.6,3,Handroanthus crysanthus,H06,6,13,3,2024,0,0,4,0,0,0,0,0,0
48:51.2,49:48.6,3,Handroanthus crysanthus,H13,13,13,3,2024,0,0,2,0,2,0,0,0,0
47:33.7,48:27.9,3,Handroanthus crysanthus,H12,12,13,3,2024,0,0,4,0,1,0,0,0,0
44:48.2,47:19.0,3,Handroanthus crysanthus,H04,4,13,3,2024,0,0,4,0,1,0,0,0,0
43:14.9,44:31.1,3,Handroanthus crysanthus,H05,5,13,3,2024,0,0,4,0,1,0,0,0,0
50:31.8,51:32.7,3,Handroanthus crysanthus,H07,7,9,3,2024,0,0,4,0,1,0,0,0,0
40:25.5,49:11.3,3,Handroanthus crysanthus,H01,1,9,3,2024,0,0,4,0,1,0,0,0,0
37:56.4,39:07.9,3,Handroanthus crysanthus,H14,14,9,3,2024,0,0,3,0,1,0,0,0,0
42:47.6,43:30.6,3,Handroanthus crysanthus,H10,10,28,2,2024,0,0,3,0,1,0,0,0,0
41:48.5,42:33.7,3,Handroanthus crysanthus,H06,6,28,2,2024,0,0,4,0,1,0,0,0,0
40:27.8,41:38.5,3,Handroanthus crysanthus,H13,13,28,2,2024,0,0,2,0,2,0,0,0,0
39:18.1,40:09.3,3,Handroanthus crysanthus,H12,12,28,2,2024,0,0,4,0,0,0,0,0,0
38:04.3,39:04.0,3,Handroanthus crysanthus,H05,5,28,2,2024,0,0,4,0,1,0,0,0,0
36:59.5,37:52.4,3,Handroanthus crysanthus,H04,4,28,2,2024,0,0,4,0,0,0,0,0,0
35:34.2,36:44.2,3,Handroanthus crysanthus,H01,1,28,2,2024,0,0,4,0,1,0,0,0,0
34:05.2,35:20.3,3,Handroanthus crysanthus,H11,11,24,2,2024,0,0,5,0,0,0,0,0,0
31:34.6,33:49.2,3,Handroanthus crysanthus,H02,2,24,2,2024,0,0,5,0,1,0,0,0,0
29:10.5,30:10.0,3,Handroanthus crysanthus,H14,14,2,24,2024,0,0,3,0,1,0,0,0,0
27:48.2,29:00.1,3,Handroanthus crysanthus,H07,7,24,2,2024,0,0,4,0,0,0,0,0,0
17:39.7,19:18.7,3,Handroanthus crysanthus,H11,11,10,2,2024,0,0,5,0,1,0,0,0,0
38:34.9,49:35.3,3,Handroanthus crysanthus,H10,10,9,2,2024,0,0,4,0,1,0,0,0,0
36:42.2,38:31.8,3,Handroanthus crysanthus,H06,6,9,2,2024,0,0,5,0,1,0,0,0,0
33:57.9,35:11.2,3,Handroanthus crysanthus,H13,13,9,2,2024,0,0,2,0,2,0,0,0,0
32:47.3,33:53.8,3,Handroanthus crysanthus,H12,12,9,2,2024,0,0,4,0,1,0,0,0,0
27:43.5,32:37.9,3,Handroanthus crysanthus,H05,5,9,2,2024,0,0,4,0,1,0,0,0,0
26:00.7,27:14.7,3,Handroanthus crysanthus,H04,4,9,2,2024,0,0,5,0,1,0,0,0,0
25:01.7,25:46.6,3,Handroanthus crysanthus,H02,2,9,2,2024,0,0,5,0,1,0,0,0,0
56:34.6,58:01.3,3,Handroanthus crysanthus,H01,1,8,2,2024,0,0,5,0,1,0,0,0,0
52:54.9,54:06.6,3,Handroanthus crysanthus,H07,7,8,2,2024,0,0,5,0,1,0,0,0,0
51:31.3,52:44.2,3,Handroanthus crysanthus,H14,14,8,2,2024,0,0,4,0,1,0,0,0,0
01:02.3,05:15.2,3,Handroanthus crysanthus,H07,7,25,1,2024,0,0,5,0,1,0,0,0,0
59:48.1,00:49.4,3,Handroanthus crysanthus,H14,14,25,1,2024,0,0,4,0,1,0,0,0,0
57:11.4,59:16.7,3,Handroanthus crysanthus,H10,10,21,1,2024,0,0,4,0,1,0,0,0,0
53:16.5,55:28.3,3,Handroanthus crysanthus,H06,6,21,1,2024,0,1,5,0,1,0,0,0,0
52:13.5,53:05.8,3,Handroanthus crysanthus,H04,4,21,1,2024,0,0,5,0,1,0,0,0,0
49:57.6,52:10.7,3,Handroanthus crysanthus,H02,2,20,1,2024,0,0,5,0,1,0,0,0,0
47:14.7,49:53.8,3,Handroanthus crysanthus,H05,5,21,1,2024,0,0,4,0,2,0,0,0,0
38:09.3,40:35.1,3,Handroanthus crysanthus,H11,11,20,1,2024,0,0,5,0,1,0,0,0,0
36:32.4,37:51.6,3,Handroanthus crysanthus,H13,13,20,1,2024,0,0,2,0,3,0,0,0,0
35:30.5,36:21.0,3,Handroanthus crysanthus,H12,12,20,1,2024,0,0,4,0,1,0,0,0,0
30:53.1,35:16.5,3,Handroanthus crysanthus,H01,1,20,1,2024,0,0,4,1,1,0,0,0,0
09:31.0,39:36.3,3,Handroanthus crysanthus,H10,10,7,1,2024,0,0,4,0,1,0,0,0,0
14:49.5,01:36.5,3,Handroanthus crysanthus,H05,5,23,11,2023,2,2,5,2,1,0,0,3,4
21:52.1,23:41.6,3,Handroanthus crysanthus,H12,12,7,1,2024,2,2,4,0,1,0,0,0,0
20:33.4,21:49.2,3,Handroanthus crysanthus,H13,13,7,1,2024,2,2,2,0,1,0,0,0,0
18:59.5,20:31.2,3,Handroanthus crysanthus,H04,4,7,1,2024,0,0,5,0,1,0,0,0,0
17:27.2,18:44.0,3,Handroanthus crysanthus,H05,5,7,1,2024,0,0,5,0,1,0,0,0,0
11:52.0,16:11.2,3,Handroanthus crysanthus,H06,6,7,1,2024,0,0,5,0,1,0,0,0,0
08:08.1,09:17.6,3,Handroanthus crysanthus,H01,1,6,1,2024,3,2,4,0,1,0,0,0,0
55:22.9,02:59.1,3,Handroanthus crysanthus,H14,14,4,1,2024,0,0,4,0,0,0,0,0,0
59:17.4,02:47.9,3,Handroanthus crysanthus,H11,11,6,1,2024,0,0,5,0,1,0,0,0,0
56:32.5,59:14.6,3,Handroanthus crysanthus,H02,2,6,1,2024,0,0,5,0,1,0,0,0,0
52:02.7,53:00.2,3,Handroanthus crysanthus,H07,7,4,1,2024,0,0,5,0,1,0,0,0,0
02:11.8,03:12.4,3,Handroanthus crysanthus,H11,11,10,12,2023,0,1,5,1,0,0,0,2,6
59:28.7,01:42.6,3,Handroanthus crysanthus,H02,2,9,12,2023,1,2,5,1,0,0,0,2,6
58:30.9,59:18.3,3,Handroanthus crysanthus,H13,13,9,12,2023,1,1,3,1,0,0,0,3,5
56:15.5,57:16.1,3,Handroanthus crysanthus,H10,10,9,12,2023,3,3,3,1,0,0,0,3,6
53:29.7,54:28.9,3,Handroanthus crysanthus,H06,6,9,12,2023,2,2,4,1,0,0,0,3,5
52:14.2,53:26.5,3,Handroanthus crysanthus,H04,4,9,12,2023,2,3,4,3,0,0,0,3,5
50:27.6,51:17.1,3,Handroanthus crysanthus,H12,12,7,12,2023,0,0,4,1,0,0,0,4,5
48:53.3,49:34.7,3,Handroanthus crysanthus,H05,5,7,12,2023,2,2,5,1,1,0,0,3,5
47:29.9,48:46.0,3,Handroanthus crysanthus,H01,1,7,12,2023,2,2,4,1,1,0,0,3,6
43:14.5,45:27.3,3,Handroanthus crysanthus,H14,14,7,12,2023,2,2,3,2,0,0,0,3,5
42:10.5,43:09.3,3,Handroanthus crysanthus,H07,7,7,12,2023,0,0,5,1,0,0,0,0,0
51:54.4,52:42.7,3,Handroanthus crysanthus,H14,14,25,11,2023,2,2,3,2,0,0,0,3,3
50:59.0,51:46.0,3,Handroanthus crysanthus,H07,7,25,11,2023,1,1,5,2,0,0,0,0,0
47:53.6,48:42.3,3,Handroanthus crysanthus,H11,11,25,11,2023,1,2,5,2,2,0,0,3,2
45:34.6,47:10.6,3,Handroanthus crysanthus,H02,2,25,11,2023,2,3,4,3,0,0,0,3,2
30:32.0,33:11.4,3,Handroanthus crysanthus,H10,10,23,11,2023,2,2,3,2,0,0,0,3,2
23:13.7,28:45.3,3,Handroanthus crysanthus,H06,6,23,11,2023,2,2,5,1,0,0,0,3,2
21:46.8,23:00.5,3,Handroanthus crysanthus,H13,13,23,11,2023,3,2,2,2,0,0,0,3,0
20:33.9,21:35.1,3,Handroanthus crysanthus,H12,12,23,11,2023,0,0,4,2,0,0,0,4,3
19:27.4,20:24.8,3,Handroanthus crysanthus,H04,4,23,11,2023,0,2,5,0,0,0,0,4,3
37:37.2,39:45.7,3,Handroanthus crysanthus,H10,10,5,11,2023,3,3,2,3,0,0,0,3,0
35:30.1,37:17.0,3,Handroanthus crysanthus,H02,2,5,11,2023,3,4,1,5,0,0,0,3,0
32:26.2,34:49.0,3,Handroanthus crysanthus,H11,11,5,11,2023,3,4,2,5,0,0,0,3,0
09:01.7,12:11.2,3,Handroanthus crysanthus,H14,14,4,11,2023,3,3,2,4,0,0,0,3,0
07:20.4,08:56.7,3,Handroanthus crysanthus,H07,7,4,11,2023,1,1,3,5,0,0,0,0,0
07:31.3,32:37.0,3,Handroanthus crysanthus,H04,4,2,11,2023,2,4,4,3,0,1,6,4,0
16:36.0,30:31.8,3,Handroanthus crysanthus,H12,12,2,11,2023,2,2,4,4,0,0,0,4,0
13:25.7,30:08.1,3,Handroanthus crysanthus,H01,1,2,11,2023,3,3,5,4,0,0,0,4,0
18:15.0,19:33.0,3,Handroanthus crysanthus,H13,13,2,11,2023,2,3,1,2,0,0,0,3,0
14:59.7,16:19.3,3,Handroanthus crysanthus,H05,5,2,11,2023,3,3,3,4,0,0,0,3,0
59:31.0,01:16.0,3,Handroanthus crysanthus,H10,10,21,10,2023,3,3,2,3,0,0,0,3,0
57:12.6,58:20.5,3,Handroanthus crysanthus,H06,6,21,10,2023,3,5,3,2,0,0,0,3,0
54:57.3,57:08.1,3,Handroanthus crysanthus,H05,5,21,10,2023,4,4,2,4,0,0,0,4,0
53:41.5,54:37.4,3,Handroanthus crysanthus,H01,1,18,10,2023,3,4,4,4,0,0,0,4,0
52:38.6,53:32.2,3,Handroanthus crysanthus,H12,12,18,10,2023,2,3,3,5,0,0,0,4,0
51:36.8,52:29.4,3,Handroanthus crysanthus,H13,13,18,10,2021,2,3,2,2,0,0,0,3,0
50:11.8,51:31.6,3,Handroanthus crysanthus,H04,4,18,10,2023,4,4,2,5,0,0,0,4,0
48:54.9,50:04.8,3,Handroanthus crysanthus,H02,2,18,10,2023,4,4,1,4,0,2,2,3,0
47:19.4,48:47.0,3,Handroanthus crysanthus,H11,11,18,10,2023,4,4,2,5,0,1,0,3,0
25:26.3,26:47.3,3,Handroanthus crysanthus,H07,7,15,10,2023,3,3,3,3,0,0,0,0,0
23:39.7,25:21.3,3,Handroanthus crysanthus,H14,14,15,10,2023,3,3,1,3,0,0,0,0,0
59:15.1,00:14.0,3,Handroanthus crysanthus,H14,14,17,4,2024,0,0,3,0,1,0,0,0,0
26:10.7,27:07.5,3,Handroanthus crysanthus,H10,10,20,4,2024,0,0,3,0,2,0,0,0,0
23:21.6,24:20.2,3,Handroanthus crysanthus,H06,6,20,4,2024,0,0,4,0,1,0,0,0,0
21:20.8,22:42.6,3,Handroanthus crysanthus,H04,4,20,4,2024,0,0,4,0,1,0,0,0,0
19:44.6,20:59.4,3,Handroanthus crysanthus,H05,5,20,4,2024,0,0,4,0,1,0,0,0,0
17:55.7,19:27.5,3,Handroanthus crysanthus,H13,13,20,4,2024,0,0,2,0,1,0,0,0,0
15:58.4,17:42.9,3,Handroanthus crysanthus,H12,12,20,4,2024,0,0,4,0,1,0,0,0,0
14:39.3,15:32.8,3,Handroanthus crysanthus,H11,11,18,4,2024,0,0,4,0,2,0,0,0,0
05:12.0,06:47.4,3,Handroanthus crysanthus,H02,2,17,4,2024,0,0,4,0,2,0,0,0,0
03:56.4,04:51.4,3,Handroanthus crysanthus,H01,1,17,4,2024,0,0,4,0,2,0,0,0,0
01:08.9,02:12.3,3,Handroanthus crysanthus,H07,7,17,4,2024,0,0,4,0,1,0,0,0,0
08:46.0,09:45.9,3,Handroanthus crysanthus,H10,10,2,5,2024,0,0,3,0,1,0,0,0,0
04:57.5,05:58.3,3,Handroanthus crysanthus,H06,6,2,5,2024,0,0,4,0,1,0,0,0,0
02:55.6,03:51.0,3,Handroanthus crysanthus,H04,4,2,5,2024,0,0,3,0,1,0,0,0,0
01:44.3,02:40.6,3,Handroanthus crysanthus,H13,13,2,5,2024,0,0,2,0,2,0,0,0,0
00:11.0,01:31.6,3,Handroanthus crysanthus,H12,12,2,5,2024,0,0,3,0,0,0,0,0,0
57:01.8,58:22.4,3,Handroanthus crysanthus,H05,5,2,5,2024,0,0,3,0,1,0,0,0,0
55:46.2,56:35.8,3,Handroanthus crysanthus,H01,1,2,5,2024,0,0,3,0,2,0,0,0,0
54:31.2,55:30.4,3,Handroanthus crysanthus,H02,2,2,5,2024,0,0,4,0,2,0,0,0,0
23:38.4,24:49.5,3,Handroanthus crysanthus,H10,10,25,5,2024,0,0,3,0,1,2,0,0,0
20:01.2,21:03.6,3,Handroanthus crysanthus,H06,6,25,5,2024,0,0,4,0,1,2,0,0,0
18:14.0,19:48.7,3,Handroanthus crysanthus,H04,4,25,5,2024,0,0,3,0,2,2,0,0,0
16:16.1,17:58.6,3,Handroanthus crysanthus,H13,13,24,5,2024,0,0,2,0,2,2,0,0,0
14:14.4,15:09.4,3,Handroanthus crysanthus,H05,5,24,5,2024,0,0,3,0,1,2,0,0,0
12:55.6,14:00.1,3,Handroanthus crysanthus,H12,12,24,5,2024,0,0,3,0,1,2,0,0,0
11:49.0,12:44.3,3,Handroanthus crysanthus,H02,2,24,5,2024,0,0,4,0,2,2,0,0,0
10:40.1,11:37.2,3,Handroanthus crysanthus,H11,11,24,5,2024,0,0,4,0,2,3,0,0,0
03:52.7,04:44.5,3,Handroanthus crysanthus,H01,1,22,5,2024,0,0,3,0,2,0,0,0,0
01:26.6,02:27.8,3,Handroanthus crysanthus,H07,7,22,5,2024,0,0,3,0,2,0,0,0,0
57:59.4,59:05.3,3,Handroanthus crysanthus,H14,14,22,5,2024,0,0,3,0,1,3,0,0,0
38:16.7,09:00.3,3,Handroanthus crysanthus,H11,11,11,5,2024,0,0,4,0,2,0,0,0,0
25:24.8,41:53.6,3,Handroanthus crysanthus,H07,7,11,5,2024,0,0,4,0,2,0,0,0,0
22:04.9,41:18.7,3,Handroanthus crysanthus,H14,14,11,5,2024,0,0,3,0,1,0,0,0,0
16:07.0,17:08.7,3,Handroanthus crysanthus,H11,11,25,6,2024,0,0,2,0,3,3,0,0,0
14:15.0,15:19.8,3,Handroanthus crysanthus,H10,10,25,6,2024,0,0,2,0,1,2,0,0,0
11:13.2,12:18.0,3,Handroanthus crysanthus,H06,6,25,6,2024,0,0,4,0,1,3,0,0,0
08:55.5,10:36.5,3,Handroanthus crysanthus,H04,4,25,6,2024,0,0,2,0,1,3,0,0,0
07:45.4,08:40.9,3,Handroanthus crysanthus,H13,13,24,6,2024,0,0,1,0,0,2,0,0,0
05:56.3,06:52.5,3,Handroanthus crysanthus,H12,12,24,6,2024,0,0,3,0,1,2,0,0,0
04:37.7,05:46.6,3,Handroanthus crysanthus,H05,5,24,6,2024,0,0,3,0,2,3,0,0,0
03:00.1,03:51.8,3,Handroanthus crysanthus,H01,1,24,6,2024,0,0,3,0,2,2,0,0,0
00:16.9,01:26.5,3,Handroanthus crysanthus,H02,2,24,6,2024,0,0,3,0,2,3,0,0,0
52:39.6,53:31.7,3,Handroanthus crysanthus,H14,14,22,6,2024,0,0,2,0,3,3,0,0,0
51:37.5,52:28.5,3,Handroanthus crysanthus,H07,7,22,6,2024,0,0,2,0,3,0,0,0,0
48:11.4,49:26.2,3,Handroanthus crysanthus,H10,10,12,6,2024,0,0,2,0,3,2,0,0,0
35:18.9,36:19.6,3,Handroanthus crysanthus,H06,6,8,6,2024,0,0,4,0,1,2,0,0,0
33:42.4,35:03.9,3,Handroanthus crysanthus,H04,4,8,6,2024,0,0,3,0,2,3,0,0,0
31:39.3,32:32.3,3,Handroanthus crysanthus,H11,11,8,6,2024,0,0,4,0,3,3,0,0,0
25:57.7,27:03.9,3,Handroanthus crysanthus,H13,13,6,6,2024,0,0,1,0,0,2,0,0,0
24:18.9,25:12.4,3,Handroanthus crysanthus,H12,12,6,6,2024,0,0,3,0,1,2,0,0,0
22:52.5,24:01.2,3,Handroanthus crysanthus,H05,5,6,6,2024,0,0,3,0,1,2,0,0,0
11:09.8,12:10.0,3,Handroanthus crysanthus,H02,2,6,6,2024,0,0,4,0,2,3,0,0,0
10:00.7,11:00.1,3,Handroanthus crysanthus,H01,1,6,6,2024,0,0,3,0,2,2,0,0,0
06:47.7,08:29.4,3,Handroanthus crysanthus,H14,14,6,6,2024,0,0,2,0,1,3,0,0,0
36:15.9,37:20.9,3,Handroanthus crysanthus,H14,14,10,8,2024,0,0,1,0,0,3,0,0,0
33:40.2,36:02.9,3,Handroanthus crysanthus,H07,7,10,8,2024,2,1,0,0,0,3,0,0,0
28:01.4,29:00.0,3,Handroanthus crysanthus,H11,11,8,8,2024,0,0,0,0,0,5,1,0,0
26:22.9,27:51.1,3,Handroanthus crysanthus,H10,10,8,8,2024,0,0,1,0,1,3,0,0,0
23:42.2,24:59.6,3,Handroanthus crysanthus,H06,6,8,8,2024,0,0,0,0,0,4,0,0,0
22:40.9,23:26.6,3,Handroanthus crysanthus,H04,4,7,8,2024,0,0,0,0,0,4,0,0,0
21:07.2,22:20.6,3,Handroanthus crysanthus,H13,13,7,8,2024,2,2,1,0,0,2,0,0,0
19:55.3,20:53.4,3,Handroanthus crysanthus,H12,12,7,8,2024,0,0,0,0,0,3,0,0,0
18:09.8,19:40.3,3,Handroanthus crysanthus,H02,2,7,8,2024,0,0,1,0,1,4,0,0,0
17:06.4,17:56.9,3,Handroanthus crysanthus,H05,5,7,8,2024,0,0,0,0,0,4,0,0,0
15:51.9,16:50.8,3,Handroanthus crysanthus,H01,1,7,8,2024,3,2,0,0,0,3,0,0,0
10:37.1,11:35.5,3,Handroanthus crysanthus,H10,10,25,7,2024,0,0,1,0,1,2,0,0,0
08:15.0,09:17.2,3,Handroanthus crysanthus,H06,6,25,7,2024,0,0,1,0,2,3,0,0,0
07:04.0,07:58.7,3,Handroanthus crysanthus,H02,2,25,7,2024,0,0,2,0,2,4,1,0,0
05:57.3,06:47.3,3,Handroanthus crysanthus,H11,11,25,7,2024,0,0,1,0,1,5,1,0,0
02:04.8,02:51.6,3,Handroanthus crysanthus,H13,13,22,7,2024,0,0,1,0,0,2,1,0,0
00:56.1,01:48.9,3,Handroanthus crysanthus,H12,12,22,7,2024,0,0,1,0,0,3,2,0,0
59:53.6,00:42.9,3,Handroanthus crysanthus,H04,4,22,7,2024,0,0,1,0,0,4,1,0,0
58:29.3,59:32.4,3,Handroanthus crysanthus,H05,5,22,7,2024,0,0,1,0,0,4,3,0,0
56:46.4,58:26.8,3,Handroanthus crysanthus,H01,1,22,7,2024,0,0,0,0,0,4,3,0,0
54:08.8,55:07.2,3,Handroanthus crysanthus,H07,7,22,7,2024,0,0,0,0,0,3,2,0,0
53:01.3,53:52.6,3,Handroanthus crysanthus,H14,14,22,7,2024,0,0,1,0,0,3,0,0,0
19:58.3,20:52.0,3,Handroanthus crysanthus,H14,14,6,7,2024,0,0,2,0,1,4,0,0,0
18:44.3,19:33.8,3,Handroanthus crysanthus,H07,7,6,7,2024,0,0,2,0,2,2,0,0,0
04:05.6,04:57.8,3,Handroanthus crysanthus,H11,11,4,7,2024,0,0,1,0,0,4,0,0,0
02:25.4,03:19.6,3,Handroanthus crysanthus,H02,2,4,7,2024,0,0,3,1,0,3,0,0,0
00:49.2,01:53.4,3,Handroanthus crysanthus,H13,13,4,7,2024,0,0,1,0,0,2,0,0,0
43:27.8,44:53.1,3,Handroanthus crysanthus,H12,12,4,7,2024,0,0,2,0,1,3,0,0,0
14:40.7,15:59.0,3,Handroanthus crysanthus,H10,10,3,7,2024,0,0,2,0,2,2,0,0,0
07:24.8,09:02.7,3,Handroanthus crysanthus,H06,6,3,7,2024,0,0,3,0,1,3,0,0,0
04:22.8,07:11.2,3,Handroanthus crysanthus,H04,4,3,7,2024,0,0,2,0,2,4,0,0,0
01:14.2,02:14.2,3,Handroanthus crysanthus,H05,5,3,7,2024,0,0,2,0,1,4,0,0,0
59:36.3,00:32.8,3,Handroanthus crysanthus,H01,1,3,7,2024,0,0,1,0,0,4,0,0,0
44:13.7,45:06.7,3,Handroanthus crysanthus,H07,7,28,10,2024,3,3,2,3,0,0,0,0,0
42:57.0,43:52.2,3,Handroanthus crysanthus,H10,10,28,10,2024,4,4,2,3,0,0,0,0,0
41:09.2,42:45.5,3,Handroanthus crysanthus,H04,4,28,10,2024,3,3,2,4,0,0,0,0,0
16:22.0,17:58.1,3,Handroanthus crysanthus,H05,5,28,10,2024,4,4,2,2,0,0,0,0,0
14:34.5,15:57.9,3,Handroanthus crysanthus,H14,14,25,10,2024,4,4,1,3,0,1,1,0,0
12:45.8,14:31.2,3,Handroanthus crysanthus,H13,13,25,10,2024,2,2,2,3,0,0,0,0,0
11:09.1,12:32.3,3,Handroanthus crysanthus,H12,12,25,10,2024,4,4,4,3,0,0,0,0,0
09:30.8,10:31.2,3,Handroanthus crysanthus,H01,1,25,10,2024,4,4,5,3,0,0,0,0,0
08:09.1,09:04.2,3,Handroanthus crysanthus,H02,2,25,10,2024,4,4,1,2,0,0,1,1,0
06:46.5,07:57.3,3,Handroanthus crysanthus,H11,11,25,10,2024,3,4,3,3,0,0,0,0,0
04:02.8,04:54.4,3,Handroanthus crysanthus,H06,6,24,10,2024,3,3,3,3,0,0,0,0,0
51:13.9,52:02.4,3,Handroanthus crysanthus,H14,14,11,10,2024,3,3,1,1,0,0,0,0,0
50:04.8,50:51.5,3,Handroanthus crysanthus,H07,7,11,10,2024,3,3,1,1,0,0,0,0,0
47:12.1,48:19.8,3,Handroanthus crysanthus,H10,10,10,10,2024,3,3,1,2,0,2,0,0,0
41:10.0,43:34.4,3,Handroanthus crysanthus,H06,6,10,10,2024,3,4,2,3,0,0,1,0,0
39:32.0,40:20.8,3,Handroanthus crysanthus,H04,4,10,10,2024,3,3,1,3,0,0,1,0,0
38:15.3,39:15.1,3,Handroanthus crysanthus,H05,5,10,10,2024,4,3,1,1,0,0,0,0,0
35:45.4,37:12.4,3,Handroanthus crysanthus,H11,11,8,10,2024,4,4,1,3,0,2,1,0,0
34:05.5,34:54.4,3,Handroanthus crysanthus,H13,13,8,10,2024,3,2,2,2,0,0,0,0,0
32:49.6,33:39.5,3,Handroanthus crysanthus,H12,12,8,10,2024,4,3,4,3,0,0,0,0,0
31:09.9,32:42.2,3,Handroanthus crysanthus,H02,2,8,10,2024,4,3,1,1,0,2,2,2,0
29:40.9,30:50.4,3,Handroanthus crysanthus,H01,1,8,10,2024,4,3,5,2,0,1,0,2,0
21:17.4,22:12.8,3,Handroanthus crysanthus,H06,6,26,9,2024,4,4,1,3,0,3,2,0,0
19:42.4,21:04.7,3,Handroanthus crysanthus,H10,10,26,9,2024,3,3,1,1,0,2,0,0,0
18:33.0,19:21.6,3,Handroanthus crysanthus,H14,14,26,9,2024,3,2,1,1,0,3,1,0,0
16:48.0,18:02.7,3,Handroanthus crysanthus,H07,7,26,9,2024,3,3,1,1,0,2,0,0,0
17:11.7,18:09.1,3,Handroanthus crysanthus,H11,11,20,9,2024,3,3,1,1,0,3,3,0,0
15:46.9,17:02.6,3,Handroanthus crysanthus,H04,4,20,9,2024,3,3,0,1,0,3,2,1,0
49:44.1,50:37.0,3,Handroanthus crysanthus,H13,13,20,9,2024,3,0,0,1,0,3,0,0,0
47:58.0,48:52.5,3,Handroanthus crysanthus,H12,12,20,9,2024,4,3,0,2,0,3,1,0,0
21:19.5,22:16.1,3,Handroanthus crysanthus,H12,12,20,9,2024,4,3,0,2,0,3,1,0,0
19:36.1,21:06.0,3,Handroanthus crysanthus,H05,5,20,9,2024,5,3,0,1,0,4,2,1,0
56:31.3,01:47.3,3,Handroanthus crysanthus,H01,1,19,9,2024,3,3,1,5,0,3,3,3,0
55:21.0,56:15.6,3,Handroanthus crysanthus,H02,2,19,9,2024,4,3,0,1,0,4,2,2,0
2024-10-14 19:50,51:18.2,3,Handroanthus crysanthus,H06,6,12,9,2024,5,4,1,2,0,4,4,0,0
16:58.4,17:58.2,3,Handroanthus crysanthus,H10,10,12,9,2024,3,3,1,1,0,4,0,0,0
10:52.8,12:09.1,3,Handroanthus crysanthus,H14,14,10,9,2024,2,2,1,1,1,2,3,0,0
25:10.4,26:01.1,3,Handroanthus crysanthus,H07,7,10,9,2024,4,3,1,1,0,2,1,0,0
22:12.4,23:05.0,3,Handroanthus crysanthus,H05,5,10,9,2024,3,2,0,1,0,5,3,0,0
20:19.2,21:58.6,3,Handroanthus crysanthus,H12,12,10,9,2024,4,3,0,3,0,3,3,0,0
18:38.3,20:02.0,3,Handroanthus crysanthus,H13,13,10,9,2024,2,2,1,1,0,2,2,0,0
17:03.7,18:27.0,3,Handroanthus crysanthus,H04,4,10,9,2024,5,4,0,1,0,3,3,0,0
08:28.1,09:29.1,3,Handroanthus crysanthus,H01,1,5,9,2024,5,4,1,3,0,4,4,3,0
04:53.0,06:06.8,3,Handroanthus crysanthus,H11,11,3,9,2024,4,2,0,0,0,5,4,0,0
01:58.0,04:30.4,3,Handroanthus crysanthus,H02,2,3,9,2024,1,0,0,0,0,4,3,0,0
13:44.7,14:32.1,3,Handroanthus crysanthus,H01,1,19,11,2024,4,4,5,2,0,0,0,0,0
14:47.8,17:28.6,3,Handroanthus crysanthus,H12,12,19,11,2024,3,3,4,2,0,1,1,0,0
18:11.0,19:32.6,3,Handroanthus crysanthus,H13,13,19,11,2024,1,2,2,2,0,0,0,0,0
20:13.9,21:48.0,3,Handroanthus crysanthus,H05,5,19,11,2024,3,4,4,2,0,0,0,0,0
22:00.6,23:02.5,3,Handroanthus crysanthus,H04,4,19,11,2024,3,3,3,4,0,0,0,0,0
23:54.5,24:44.0,3,Handroanthus crysanthus,H06,6,19,11,2024,2,3,4,3,0,0,0,0,0
29:53.1,32:49.8,3,Handroanthus crysanthus,H02,2,21,11,2024,4,4,3,2,0,1,1,0,0
32:59.4,33:39.6,3,Handroanthus crysanthus,H11,11,21,11,2024,3,4,4,3,0,0,0,0,0
33:49.0,35:23.1,3,Handroanthus crysanthus,H10,10,21,11,2024,3,4,4,3,0,0,0,0,0
02:50.2,04:49.9,3,Handroanthus crysanthus,H14,14,14,11,2024,0,3,3,2,0,1,1,0,0
05:31.9,07:08.8,3,Handroanthus crysanthus,H07,7,14,11,2024,2,3,3,3,0,0,0,0,0
